1 2 59983
1 3 572433
1 4 708963
1 5 106567
2 5 11993
1 6 4512
1 7 107
2 7 312710
3 7 609
1 8 3
3 8 9638
2 9 145507
4 9 20
3 10 80506
2 11 14022
3 11 209926
4 11 11797
5 11 1
5 12 65
2 13 454
3 13 129151
4 13 78940
5 13 3244
3 14 37821
5 14 6141
2 15 10
4 15 78762
3 16 9508
5 16 39323
7 16 6
3 17 2879
4 17 118938
5 17 84781
6 17 13492
7 17 311
5 18 46745
7 18 792
3 19 332
4 19 38006
5 19 107180
6 19 35382
7 19 4091
8 19 81
3 20 34
7 20 5427
9 20 1
4 21 7172
5 21 47295
8 21 2050
3 22 2
5 22 33299
7 22 19114
9 22 70
3 23 2
4 23 1668
5 23 36903
6 23 78612
7 23 47610
8 23 8245
9 23 1355
10 23 50
5 24 8765
7 24 27747
4 25 262
6 25 60260
7 25 54799
8 25 21539
9 25 3510
11 25 6
5 26 5228
7 26 44813
9 26 2759
11 26 4
4 27 22
5 27 2307
7 27 41043
8 27 22669
10 27 2134
11 27 84
5 28 769
9 28 9176
11 28 282
4 29 4
5 29 446
6 29 18443
7 29 52543
8 29 43577
9 29 20588
10 29 6136
11 29 672
12 29 19
7 30 17055
11 30 900
13 30 1
5 31 198
6 31 7250
7 31 31087
8 31 46099
9 31 34869
10 31 11734
11 31 3734
12 31 440
13 31 19
5 32 43
7 32 14352
9 32 20691
11 32 4243
13 32 156
5 33 41
7 33 13590
8 33 25563
10 33 11741
13 33 384
14 33 19
5 34 9
7 34 6537
9 34 23616
11 34 7460
13 34 371
15 34 1
6 35 324
8 35 22241
9 35 31759
11 35 10847
12 35 3656
13 35 1599
5 36 2
7 36 2942
11 36 10189
13 36 1521
5 37 1
6 37 209
7 37 2660
8 37 16611
9 37 37994
10 37 33875
11 37 27986
12 37 8755
13 37 3884
14 37 1542
15 37 181
16 37 19
7 38 1135
9 38 18364
11 38 15824
13 38 4415
15 38 266
17 38 1
7 39 832
8 39 4995
10 39 23351
11 39 18376
14 39 2979
16 39 146
17 39 19
7 40 192
9 40 8668
11 40 23983
13 40 5246
17 40 45
6 41 4
7 41 237
8 41 5345
9 41 15542
10 41 37196
11 41 36233
12 41 21300
13 41 15875
14 41 4551
15 41 1716
16 41 825
17 41 146
18 41 19
11 42 16494
13 42 5154
17 42 140
19 42 1
6 43 2
7 43 102
8 43 1908
9 43 9190
10 43 30277
11 43 35236
12 43 24108
13 43 20398
14 43 11537
15 43 3495
16 43 1405
17 43 456
18 43 146
19 43 19
7 44 23
9 44 2599
13 44 19399
15 44 1941
17 44 633
19 44 45
7 45 18
8 45 314
11 45 22515
13 45 13843
14 45 8356
16 45 1475
17 45 694
19 45 55
7 46 2
9 46 3193
11 46 17641
13 46 15923
15 46 4442
17 46 1139
21 46 1
7 47 9
8 47 217
9 47 2672
10 47 12736
11 47 26790
12 47 24672
13 47 33301
14 47 19289
15 47 11686
16 47 5263
17 47 1591
18 47 772
19 47 252
20 47 30
21 47 5
11 48 9592
13 48 13320
17 48 1405
19 48 251
8 49 137
9 49 855
10 49 7574
11 49 18524
12 49 26106
13 49 27039
15 49 16789
16 49 7600
17 49 4315
18 49 1603
19 49 434
20 49 125
22 49 1
7 50 1
9 50 212
11 50 8236
13 50 17510
17 50 1591
19 50 419
8 51 20
10 51 3889
11 51 6983
13 51 23313
14 51 17916
16 51 6335
19 51 690
20 51 238
22 51 5
9 52 89
11 52 3385
15 52 5263
17 52 2740
19 52 407
21 52 35
8 53 6
9 53 161
10 53 1631
11 53 6563
12 53 12338
13 53 20084
14 53 23332
15 53 14100
16 53 11694
17 53 4397
18 53 3337
19 53 1686
20 53 392
21 53 125
22 53 29
23 53 1
11 54 1495
13 54 5545
17 54 2151
19 54 219
8 55 5
9 55 20
12 55 8013
13 55 9361
14 55 10980
16 55 10133
17 55 3093
18 55 2175
19 55 1356
21 55 231
23 55 5
9 56 8
11 56 851
13 56 3147
15 56 6486
17 56 2909
19 56 656
10 57 105
11 57 388
13 57 5627
14 57 8167
16 57 6400
17 57 4302
20 57 997
22 57 55
23 57 14
11 58 233
13 58 3437
15 58 6784
17 58 2854
19 58 777
21 58 357
23 58 15
9 59 1
10 59 26
11 59 609
12 59 3216
13 59 6142
14 59 13179
15 59 12786
16 59 14020
17 59 7297
18 59 6850
19 59 3028
20 59 2107
21 59 1303
22 59 239
23 59 86
24 59 25
11 60 75
13 60 987
17 60 3220
19 60 549
10 61 21
11 61 103
12 61 2032
13 61 3792
14 61 8585
15 61 8818
16 61 16198
17 61 8575
18 61 8416
19 61 4547
20 61 2393
21 61 2116
22 61 635
23 61 167
24 61 85
25 61 21
11 62 17
13 62 944
15 62 5448
17 62 4118
19 62 2361
21 62 381
23 62 200
11 63 26
13 63 1644
16 63 8405
17 63 6925
19 63 2957
20 63 2356
22 63 621
23 63 211
25 63 5
11 64 14
13 64 888
15 64 6439
17 64 2546
19 64 1827
21 64 862
23 64 220
11 65 9
12 65 216
14 65 3614
16 65 9833
17 65 8345
18 65 8690
19 65 3398
21 65 1061
22 65 957
23 65 921
24 65 376
27 65 20
13 66 354
17 66 3238
19 66 1906
23 66 100
25 66 119
11 67 6
12 67 113
13 67 685
14 67 2990
15 67 4069
16 67 8290
17 67 11180
18 67 7976
19 67 8697
20 67 5708
21 67 2726
22 67 3371
23 67 906
24 67 476
25 67 435
26 67 21
27 67 56
28 67 20
11 68 1
13 68 239
15 68 2564
19 68 2763
21 68 1110
23 68 957
25 68 36
11 69 5
13 69 128
14 69 1302
16 69 5520
17 69 5031
19 69 4944
20 69 4349
22 69 1627
25 69 218
26 69 84
13 70 63
17 70 787
19 70 3462
23 70 929
27 70 55
12 71 23
13 71 75
14 71 904
15 71 2565
16 71 6787
17 71 6066
18 71 10700
19 71 7357
20 71 9764
21 71 3652
22 71 3612
23 71 2588
24 71 929
25 71 867
26 71 441
27 71 168
29 71 35
13 72 6
17 72 2578
19 72 2111
23 72 830
25 72 66
11 73 1
12 73 11
13 73 25
14 73 389
15 73 1313
16 73 3891
17 73 5163
18 73 10463
19 73 8190
20 73 8478
21 73 5896
22 73 5459
23 73 2549
24 73 1548
25 73 1284
26 73 603
27 73 120
28 73 168
31 73 10
13 74 18
15 74 339
17 74 2803
19 74 1252
21 74 3137
23 74 917
25 74 542
27 74 165
29 74 34
13 75 4
14 75 60
16 75 2229
17 75 2546
19 75 3478
22 75 3309
23 75 2391
26 75 66
28 75 148
13 76 2
15 76 239
17 76 516
21 76 4623
23 76 1066
25 76 108
27 76 538
15 77 188
16 77 1027
17 77 3900
18 77 3298
19 77 3697
20 77 5273
23 77 5861
24 77 3709
25 77 1329
26 77 589
29 77 260
32 77 10
17 78 764
19 78 2005
23 78 3487
25 78 334
31 78 34
13 79 2
14 79 18
15 79 157
16 79 1073
17 79 1817
18 79 5114
19 79 6003
20 79 5685
21 79 6205
22 79 7579
23 79 4354
24 79 3106
25 79 2202
26 79 1855
27 79 689
28 79 556
29 79 198
30 79 84
31 79 139
34 79 1
13 80 1
17 80 849
19 80 1249
21 80 2042
27 80 621
14 81 4
16 81 483
17 81 799
19 81 2966
20 81 5004
22 81 5435
23 81 3071
25 81 1484
26 81 335
29 81 705
31 81 84
32 81 21
15 82 5
17 82 619
19 82 466
21 82 1993
23 82 2357
25 82 2240
27 82 345
29 82 410
33 82 34
14 83 2
15 83 31
16 83 190
17 83 576
18 83 1760
19 83 1203
20 83 4853
21 83 5853
22 83 7358
23 83 9037
24 83 5672
25 83 1787
26 83 3520
27 83 1581
28 83 410
29 83 773
32 83 160
17 84 32
19 84 741
25 84 732
29 84 283
14 85 2
16 85 38
18 85 879
19 85 1367
21 85 3613
22 85 3665
23 85 3705
24 85 4175
26 85 2421
27 85 845
28 85 1445
31 85 341
17 86 8
19 86 1322
21 86 1627
23 86 848
27 86 1161
29 86 274
31 86 400
35 86 34
14 87 1
16 87 31
17 87 126
19 87 1205
20 87 2481
22 87 3167
23 87 4065
25 87 2670
26 87 640
28 87 1050
32 87 165
17 88 69
19 88 384
21 88 1636
23 88 1393
25 88 877
27 88 474
16 89 17
17 89 38
18 89 313
19 89 1454
20 89 2205
21 89 1958
22 89 2052
23 89 4823
24 89 6556
25 89 4318
26 89 5080
27 89 646
28 89 1555
29 89 1356
30 89 577
31 89 670
32 89 45
36 89 20
17 90 27
19 90 140
29 90 779
37 90 34
15 91 1
16 91 9
17 91 26
18 91 201
19 91 697
20 91 1115
22 91 4010
23 91 1187
24 91 3991
25 91 3288
27 91 2327
29 91 1556
30 91 728
31 91 90
34 91 84
15 92 1
17 92 11
19 92 38
21 92 880
27 92 682
33 92 165
17 93 7
19 93 384
20 93 759
22 93 2281
23 93 1508
25 93 2209
26 93 2925
28 93 564
29 93 434
32 93 604
19 94 132
23 94 962
27 94 1000
31 94 364
35 94 36
17 95 15
18 95 21
21 95 857
22 95 806
23 95 1819
24 95 1229
26 95 2283
27 95 1097
28 95 793
29 95 1542
31 95 455
32 95 90
17 96 1
19 96 36
23 96 574
16 97 1
17 97 2
18 97 9
19 97 82
20 97 236
21 97 591
22 97 1271
23 97 1091
24 97 2204
25 97 2376
26 97 1498
27 97 1151
28 97 1881
29 97 761
30 97 531
31 97 890
32 97 364
34 97 55
17 99 1
19 99 20
20 99 87
23 99 487
25 99 1318
26 99 1527
28 99 1144
29 99 687
31 99 434
32 99 371
1 2 62237
1 3 563836
1 4 600031
1 5 51084
2 5 16701
1 6 833
1 7 6
2 7 331391
3 7 2392
3 8 14417
2 9 99791
4 9 183
3 10 76960
2 11 3171
3 11 195200
4 11 17744
5 11 27
5 12 949
2 13 25
3 13 100474
4 13 80476
5 13 4082
6 13 1
3 14 27470
5 14 9566
4 15 75605
7 15 1
3 16 3081
5 16 42034
7 16 99
3 17 541
4 17 95417
5 17 91866
6 17 14788
7 17 676
5 18 59703
7 18 752
3 19 52
4 19 28888
5 19 99932
6 19 44527
7 19 6599
8 19 190
3 20 8
7 20 7474
9 20 6
4 21 2587
5 21 41293
8 21 1518
5 22 25573
7 22 19086
9 22 365
4 23 353
5 23 28605
6 23 70306
7 23 46559
8 23 12224
9 23 1382
10 23 39
5 24 7942
7 24 23812
11 24 1
4 25 95
6 25 55137
7 25 47154
8 25 19267
9 25 4992
11 25 7
5 26 2287
7 26 27003
9 26 5737
11 26 25
4 27 1
5 27 870
7 27 44090
8 27 32544
10 27 1988
11 27 150
5 28 319
9 28 8899
11 28 361
5 29 175
6 29 13013
7 29 45607
8 29 54642
9 29 28555
10 29 7855
11 29 2693
12 29 250
13 29 1
7 30 17307
11 30 1993
13 30 6
5 31 63
6 31 3151
7 31 26867
8 31 47864
9 31 38105
10 31 17897
11 31 5691
12 31 1099
13 31 158
5 32 12
7 32 14258
9 32 22927
11 32 4453
13 32 210
5 33 10
7 33 8036
8 33 28797
10 33 14679
13 33 310
14 33 30
5 34 1
7 34 4136
9 34 29858
11 34 8690
13 34 630
15 34 1
6 35 86
8 35 18280
9 35 27414
11 35 9347
12 35 6020
13 35 1516
7 36 1121
11 36 12430
13 36 1352
6 37 101
7 37 1107
8 37 13583
9 37 35362
10 37 36262
11 37 20511
12 37 13830
13 37 5251
14 37 1561
15 37 390
16 37 11
7 38 311
9 38 18103
11 38 15568
13 38 5136
15 38 321
17 38 1
7 39 207
8 39 3907
10 39 23008
11 39 18566
14 39 4094
16 39 170
17 39 10
7 40 82
9 40 8971
11 40 19174
13 40 5980
17 40 25
7 41 32
8 41 2548
9 41 11533
10 41 33762
11 41 32909
12 41 25941
13 41 13560
14 41 7229
15 41 2852
16 41 769
17 41 134
18 41 7
11 42 14431
13 42 5974
17 42 170
7 43 32
8 43 658
9 43 5653
10 43 25121
11 43 30677
12 43 32002
13 43 18254
14 43 9447
15 43 6735
16 43 1986
17 43 467
18 43 115
19 43 2
7 44 5
9 44 2790
13 44 14711
15 44 4149
17 44 467
19 44 10
7 45 8
8 45 135
11 45 16394
13 45 14881
14 45 8890
16 45 2455
17 45 670
19 45 35
7 46 1
9 46 1526
11 46 13447
13 46 14775
15 46 5343
17 46 1470
19 46 80
8 47 53
9 47 1023
10 47 8522
11 47 20249
12 47 32905
13 47 25939
14 47 15900
15 47 12649
16 47 5492
17 47 2720
18 47 854
19 47 275
20 47 54
21 47 2
11 48 8881
13 48 13891
17 48 2288
19 48 195
8 49 73
9 49 270
10 49 4791
11 49 12655
12 49 27273
13 49 22949
15 49 14343
16 49 8275
17 49 3746
18 49 1776
19 49 687
20 49 190
22 49 2
9 50 130
11 50 6113
13 50 13655
17 50 3471
19 50 404
21 50 34
8 51 9
10 51 1662
11 51 5475
13 51 16238
14 51 18247
16 51 9237
19 51 1191
20 51 371
22 51 10
9 52 25
11 52 1818
15 52 9065
17 52 2259
19 52 580
21 52 30
8 53 2
9 53 22
10 53 574
11 53 3070
12 53 14521
13 53 18757
14 53 18657
15 53 18276
16 53 11771
17 53 7470
18 53 4393
19 53 1706
20 53 753
21 53 210
22 53 29
23 53 2
11 54 723
13 54 3804
17 54 3125
19 54 788
23 54 5
8 55 1
9 55 11
12 55 7753
13 55 10782
14 55 12568
16 55 11779
17 55 4973
18 55 4638
19 55 2380
21 55 406
23 55 14
24 55 1
9 56 7
11 56 685
13 56 4803
15 56 9820
17 56 4801
19 56 1001
23 56 30
10 57 42
11 57 513
13 57 6936
14 57 12528
16 57 9822
17 57 7201
20 57 1874
22 57 435
23 57 111
25 57 1
9 58 2
11 58 240
13 58 3663
15 58 9631
17 58 5638
19 58 2463
21 58 777
23 58 55
25 58 4
10 59 19
11 59 296
12 59 2729
13 59 7233
14 59 17068
15 59 18353
16 59 21642
17 59 15562
18 59 11989
19 59 6850
20 59 3880
21 59 1969
22 59 582
23 59 422
24 59 148
25 59 19
26 59 1
11 60 40
13 60 1416
17 60 4062
19 60 565
10 61 11
11 61 72
12 61 1483
13 61 3551
14 61 9790
15 61 13710
16 61 21866
17 61 15683
18 61 14704
19 61 9965
20 61 6277
21 61 3510
22 61 1251
23 61 673
24 61 364
25 61 14
26 61 15
27 61 1
11 62 12
13 62 1214
15 62 7556
17 62 8176
19 62 3744
21 62 1236
23 62 445
25 62 55
27 62 4
10 63 4
11 63 21
13 63 1293
16 63 11910
17 63 9936
19 63 4564
20 63 4496
22 63 769
23 63 705
25 63 65
26 63 30
11 64 8
13 64 905
15 64 8035
17 64 3365
19 64 4480
21 64 2711
23 64 281
25 64 182
27 64 5
11 65 10
12 65 117
14 65 3344
16 65 11011
17 65 10187
18 65 13368
19 65 6895
21 65 2859
22 65 2341
23 65 1623
24 65 939
27 65 14
13 66 330
17 66 5232
19 66 2987
23 66 477
25 66 279
29 66 3
10 67 1
11 67 20
12 67 72
13 67 476
14 67 2924
15 67 5006
16 67 10639
17 67 16186
18 67 9818
19 67 12773
20 67 10191
21 67 6503
22 67 4883
23 67 1908
24 67 1885
25 67 405
26 67 341
27 67 55
28 67 28
29 67 5
11 68 7
13 68 148
15 68 2751
19 68 6357
21 68 2526
23 68 2521
25 68 257
27 68 91
29 68 5
11 69 28
13 69 94
14 69 1215
16 69 6915
17 69 6220
19 69 6085
20 69 7586
22 69 3014
25 69 219
26 69 351
28 69 60
29 69 20
11 70 3
13 70 41
17 70 1328
19 70 5414
23 70 1056
27 70 136
12 71 3
13 71 36
14 71 620
15 71 1683
16 71 8180
17 71 7695
18 71 14746
19 71 10669
20 71 15063
21 71 5736
22 71 4810
23 71 4100
24 71 2069
25 71 1520
26 71 732
27 71 561
28 71 182
29 71 90
30 71 10
13 72 5
17 72 2151
19 72 2908
23 72 1711
25 72 709
11 73 1
12 73 11
13 73 7
14 73 231
15 73 1104
16 73 4309
17 73 7193
18 73 11174
19 73 11226
20 73 16272
21 73 8465
22 73 6271
23 73 6092
24 73 2771
25 73 1905
26 73 936
27 73 415
28 73 302
29 73 146
30 73 60
31 73 10
32 73 2
13 74 1
15 74 319
17 74 3048
19 74 1880
21 74 5230
23 74 2169
25 74 922
27 74 200
29 74 104
14 75 31
16 75 2012
17 75 2805
19 75 3884
22 75 5599
23 75 4682
26 75 706
28 75 307
31 75 14
13 76 2
15 76 111
17 76 1127
21 76 7630
23 76 2820
25 76 1006
27 76 739
31 76 30
33 76 1
15 77 112
16 77 661
17 77 3261
18 77 3742
19 77 5642
20 77 5280
23 77 8790
24 77 5392
25 77 2379
26 77 835
29 77 330
34 77 1
17 78 546
19 78 1776
23 78 4567
25 78 605
31 78 104
13 79 2
14 79 6
15 79 116
16 79 674
17 79 1546
18 79 6466
19 79 7129
20 79 7596
21 79 9019
22 79 8559
23 79 7020
24 79 4680
25 79 3006
26 79 2650
27 79 1850
28 79 970
29 79 831
30 79 406
31 79 217
32 79 55
33 79 40
17 80 739
19 80 1617
21 80 3079
27 80 1123
31 80 100
14 81 1
16 81 228
17 81 598
19 81 3732
20 81 7243
22 81 6612
23 81 3509
25 81 3823
26 81 860
29 81 998
31 81 266
32 81 90
34 81 40
13 82 2
15 82 5
17 82 264
19 82 570
21 82 2622
23 82 3719
25 82 3252
27 82 658
29 82 583
33 82 55
14 83 2
15 83 9
16 83 75
17 83 490
18 83 1420
19 83 1990
20 83 5069
21 83 8424
22 83 8722
23 83 11232
24 83 9153
25 83 3850
26 83 6059
27 83 2225
28 83 1239
29 83 1340
32 83 441
33 83 221
36 83 4
37 83 1
17 84 42
19 84 995
25 84 993
29 84 491
16 85 24
18 85 674
19 85 1881
21 85 4556
22 85 3730
23 85 4313
24 85 4854
26 85 4073
27 85 1993
28 85 3734
31 85 461
37 85 8
17 86 19
19 86 949
21 86 2235
23 86 1504
27 86 2219
29 86 468
31 86 427
35 86 30
16 87 11
17 87 70
19 87 1250
20 87 2848
22 87 3835
23 87 3844
25 87 6426
26 87 1418
28 87 1309
32 87 204
34 87 111
35 87 55
38 87 1
17 88 16
19 88 443
21 88 1532
23 88 1799
25 88 1597
27 88 989
35 88 55
16 89 7
17 89 35
18 89 282
19 89 1110
20 89 2852
21 89 2574
22 89 2339
23 89 5219
24 89 8277
25 89 6741
26 89 4602
27 89 1465
28 89 2096
29 89 1843
30 89 908
31 89 1241
32 89 379
33 89 260
35 89 91
36 89 61
38 89 15
17 90 4
19 90 162
29 90 1604
37 90 30
16 91 1
17 91 19
18 91 28
19 91 386
20 91 906
22 91 4250
23 91 1603
24 91 4047
25 91 4170
27 91 2988
29 91 2432
30 91 1267
31 91 681
34 91 595
17 92 3
19 92 26
21 92 846
27 92 1488
33 92 200
17 93 2
19 93 88
20 93 397
22 93 2486
23 93 1810
25 93 2242
26 93 4723
28 93 1333
29 93 1233
32 93 523
37 93 55
19 94 18
23 94 803
27 94 1999
31 94 667
35 94 220
39 94 30
18 95 7
21 95 757
22 95 1673
23 95 2395
24 95 1562
26 95 2994
27 95 1822
28 95 1900
29 95 2188
31 95 915
32 95 669
19 96 17
23 96 821
18 97 1
19 97 39
20 97 96
21 97 338
22 97 1769
23 97 1725
24 97 2814
25 97 2377
26 97 1725
27 97 2012
28 97 2800
29 97 1510
30 97 1300
31 97 1849
32 97 707
34 97 528
37 97 155
19 99 2
20 99 46
23 99 1056
25 99 1671
26 99 1528
28 99 1787
29 99 1578
31 99 1238
32 99 804
1 2 12586
1 3 554710
1 4 700375
1 5 98915
2 5 13704
1 6 3968
1 7 105
2 7 338373
3 7 1063
1 8 2
3 8 8795
2 9 140031
4 9 30
3 10 72234
2 11 12378
3 11 206510
4 11 18251
5 11 1
5 12 219
2 13 398
3 13 128132
4 13 93897
5 13 5006
3 14 25857
5 14 6958
2 15 7
4 15 90584
3 16 6600
5 16 35401
7 16 9
3 17 1994
4 17 118348
5 17 88084
6 17 13934
7 17 490
5 18 39010
7 18 1285
3 19 339
4 19 37061
5 19 111179
6 19 39799
7 19 5643
8 19 86
3 20 12
7 20 5912
9 20 1
4 21 6558
5 21 51935
8 21 2248
3 22 1
5 22 29706
7 22 20433
9 22 197
3 23 2
4 23 1393
5 23 37138
6 23 81690
7 23 56826
8 23 10931
9 23 1381
10 23 29
5 24 7494
7 24 24066
4 25 171
6 25 61049
7 25 62067
8 25 21568
9 25 4241
11 25 2
5 26 4549
7 26 46319
9 26 7065
11 26 17
4 27 7
5 27 1628
7 27 43806
8 27 27250
10 27 1953
11 27 177
5 28 315
9 28 7270
11 28 274
4 29 1
5 29 289
6 29 15019
7 29 44265
8 29 51925
9 29 20716
10 29 7893
11 29 1734
12 29 72
7 30 7193
11 30 586
5 31 120
6 31 4076
7 31 26469
8 31 48295
9 31 34690
10 31 14353
11 31 4880
12 31 666
13 31 64
5 32 8
7 32 8983
9 32 22025
11 32 3267
13 32 131
5 33 5
7 33 8550
8 33 26713
10 33 12704
13 33 273
14 33 17
5 34 2
7 34 3250
9 34 22914
11 34 5653
13 34 515
6 35 230
8 35 23008
9 35 25107
11 35 12971
12 35 3253
13 35 1298
7 36 1351
11 36 5749
13 36 1091
6 37 94
7 37 1563
8 37 16122
9 37 35201
10 37 40217
11 37 23717
12 37 10436
13 37 4963
14 37 1228
15 37 151
16 37 11
7 38 399
9 38 9941
11 38 17523
13 38 2898
15 38 322
7 39 407
8 39 5088
10 39 25234
11 39 19556
14 39 2377
16 39 126
17 39 12
7 40 89
9 40 5763
11 40 12612
13 40 4965
17 40 11
6 41 2
7 41 105
8 41 3020
9 41 12878
10 41 31265
11 41 37766
12 41 24248
13 41 14202
14 41 6996
15 41 2008
16 41 533
17 41 67
18 41 6
11 42 7661
13 42 6382
17 42 76
7 43 35
8 43 1259
9 43 7013
10 43 27143
11 43 33403
12 43 33658
13 43 22169
14 43 9815
15 43 2848
16 43 1765
17 43 380
18 43 31
19 43 5
7 44 7
9 44 2477
13 44 10891
15 44 2067
17 44 510
19 44 11
7 45 11
8 45 176
11 45 17277
13 45 14891
14 45 9446
16 45 1444
17 45 604
19 45 42
9 46 978
11 46 10230
13 46 12069
15 46 3848
17 46 701
19 46 46
7 47 2
8 47 154
9 47 1659
10 47 10647
11 47 23373
12 47 31076
13 47 30372
14 47 22979
15 47 10344
16 47 4614
17 47 2510
18 47 806
19 47 181
20 47 8
21 47 1
11 48 5989
13 48 10956
17 48 1187
19 48 56
8 49 52
9 49 425
10 49 5213
11 49 13888
12 49 22781
13 49 24227
15 49 11942
16 49 8968
17 49 2787
18 49 1026
19 49 510
20 49 41
9 50 55
11 50 3765
13 50 9050
17 50 2325
19 50 105
21 50 2
8 51 17
10 51 1808
11 51 6692
13 51 14738
14 51 23007
16 51 7475
19 51 1047
20 51 168
22 51 4
9 52 69
11 52 1730
15 52 4959
17 52 1672
19 52 660
21 52 40
8 53 1
9 53 56
10 53 950
11 53 5551
12 53 11342
13 53 24689
14 53 18235
15 53 14987
16 53 11536
17 53 9110
18 53 1822
19 53 1225
20 53 605
21 53 70
22 53 29
23 53 1
11 54 1008
13 54 4931
17 54 1455
19 54 797
9 55 45
12 55 5773
13 55 10546
14 55 13835
16 55 7930
17 55 4516
18 55 1754
19 55 1308
21 55 175
23 55 7
24 55 1
9 56 10
11 56 373
13 56 3541
15 56 7195
17 56 2311
19 56 702
23 56 5
10 57 70
11 57 558
13 57 4707
14 57 7632
16 57 8918
17 57 4446
20 57 1071
22 57 133
23 57 40
11 58 215
13 58 2876
15 58 8062
17 58 4226
19 58 1651
21 58 614
23 58 50
25 58 1
10 59 20
11 59 267
12 59 3075
13 59 6056
14 59 11537
15 59 14897
16 59 13463
17 59 10791
18 59 7327
19 59 4179
20 59 2505
21 59 1285
22 59 535
23 59 248
24 59 37
25 59 4
26 59 1
11 60 50
13 60 1570
17 60 3232
19 60 1414
23 60 56
9 61 1
10 61 14
11 61 71
12 61 1176
13 61 3741
14 61 9396
15 61 13828
16 61 15152
17 61 9499
18 61 10723
19 61 5026
20 61 3307
21 61 2545
22 61 877
23 61 422
24 61 161
25 61 32
26 61 1
27 61 1
11 62 28
13 62 1186
15 62 5406
17 62 6793
19 62 2930
21 62 1333
23 62 210
25 62 25
27 62 1
10 63 1
11 63 14
13 63 1134
16 63 7496
17 63 7499
19 63 4543
20 63 3571
22 63 644
23 63 373
25 63 20
26 63 11
11 64 15
13 64 728
15 64 4818
17 64 4946
19 64 4165
21 64 1536
23 64 425
25 64 146
11 65 3
12 65 173
14 65 3080
16 65 11320
17 65 11223
18 65 11397
19 65 4959
21 65 2597
22 65 1382
23 65 1463
24 65 602
27 65 19
29 65 1
13 66 334
17 66 2138
19 66 2949
23 66 571
25 66 252
29 66 2
11 67 32
12 67 61
13 67 488
14 67 2180
15 67 6370
16 67 11318
17 67 10412
18 67 14517
19 67 10994
20 67 6847
21 67 3515
22 67 3861
23 67 1899
24 67 1640
25 67 716
26 67 156
27 67 95
28 67 20
29 67 1
30 67 1
11 68 6
13 68 195
15 68 2219
19 68 5474
21 68 3235
23 68 1434
25 68 200
27 68 34
11 69 10
13 69 134
14 69 1088
16 69 3976
17 69 5203
19 69 5538
20 69 6081
22 69 1473
25 69 417
26 69 253
28 69 51
29 69 16
11 70 1
13 70 29
17 70 3905
19 70 2919
23 70 951
27 70 60
29 70 10
12 71 11
13 71 59
14 71 576
15 71 1851
16 71 6394
17 71 9570
18 71 11802
19 71 10852
20 71 11742
21 71 6007
22 71 5083
23 71 3451
24 71 2112
25 71 1086
26 71 738
27 71 321
28 71 197
29 71 56
30 71 6
32 71 1
13 72 27
17 72 3002
19 72 6143
23 72 1516
25 72 530
29 72 4
11 73 1
12 73 31
13 73 24
14 73 271
15 73 1108
16 73 3871
17 73 8612
18 73 13830
19 73 7001
20 73 12256
21 73 7070
22 73 5951
23 73 2955
24 73 2354
25 73 2499
26 73 917
27 73 609
28 73 265
29 73 60
30 73 13
31 73 10
13 74 2
15 74 468
17 74 3046
19 74 3549
21 74 4153
23 74 1243
25 74 975
27 74 410
29 74 57
31 74 10
13 75 1
14 75 28
16 75 1669
17 75 1526
19 75 6272
22 75 4021
23 75 1732
26 75 827
28 75 241
29 75 77
31 75 4
13 76 4
15 76 215
17 76 1253
21 76 5744
23 76 3190
25 76 1308
27 76 400
29 76 84
31 76 5
12 77 1
13 77 6
15 77 250
16 77 944
17 77 2112
18 77 5460
19 77 5556
20 77 5570
23 77 5512
24 77 3465
25 77 691
26 77 1553
27 77 1175
29 77 308
30 77 36
31 77 6
32 77 5
17 78 922
19 78 2173
23 78 2858
25 78 909
31 78 57
13 79 1
14 79 11
15 79 87
16 79 422
17 79 1284
18 79 4158
19 79 6404
20 79 8638
21 79 9638
22 79 6777
23 79 7011
24 79 5279
25 79 3139
26 79 2268
27 79 1330
28 79 1098
29 79 614
30 79 196
31 79 191
32 79 21
33 79 10
17 80 841
19 80 1771
21 80 4354
23 80 1643
27 80 639
29 80 243
31 80 25
14 81 2
16 81 206
17 81 812
19 81 3294
20 81 5096
22 81 5005
23 81 3637
25 81 2268
26 81 1336
28 81 924
29 81 652
31 81 119
32 81 25
34 81 10
15 82 19
17 82 117
19 82 2274
21 82 2539
23 82 2493
25 82 1709
27 82 917
29 82 497
31 82 84
33 82 50
15 83 23
16 83 144
17 83 559
18 83 1813
19 83 3110
20 83 4824
21 83 6012
22 83 7980
23 83 8166
24 83 5540
25 83 3350
26 83 3402
27 83 2457
28 83 1385
29 83 1017
30 83 430
31 83 156
32 83 246
33 83 75
34 83 35
36 83 1
17 84 111
19 84 1124
23 84 2386
25 84 975
29 84 203
14 85 2
16 85 14
18 85 713
19 85 1691
21 85 4229
22 85 4531
23 85 5036
24 85 5742
26 85 2318
27 85 1820
28 85 1280
29 85 552
31 85 328
32 85 112
33 85 36
37 85 2
17 86 115
19 86 582
21 86 3116
23 86 630
25 86 914
27 86 1410
29 86 561
31 86 341
35 86 40
14 87 1
16 87 14
17 87 101
19 87 765
20 87 1728
22 87 2015
23 87 3360
25 87 2178
26 87 1398
28 87 615
31 87 614
32 87 334
34 87 30
35 87 15
17 88 80
19 88 715
21 88 2210
23 88 2487
25 88 2233
27 88 1236
29 88 455
31 88 220
35 88 15
15 89 1
16 89 21
17 89 22
18 89 278
19 89 734
20 89 1429
21 89 2941
22 89 3498
23 89 5338
24 89 6184
25 89 4781
26 89 5680
27 89 1122
28 89 1804
29 89 2201
30 89 868
31 89 719
32 89 509
33 89 142
34 89 49
35 89 91
36 89 34
38 89 5
17 90 6
19 90 231
23 90 564
29 90 653
31 90 286
37 90 40
17 91 19
18 91 69
19 91 187
20 91 557
22 91 3555
23 91 1394
24 91 3920
25 91 1618
27 91 3187
29 91 952
30 91 935
31 91 886
32 91 219
33 91 265
34 91 227
36 91 20
17 92 10
19 92 176
21 92 846
25 92 1115
27 92 1423
29 92 946
33 92 124
35 92 84
19 93 210
20 93 327
22 93 1717
23 93 2080
25 93 802
26 93 2400
28 93 1255
29 93 368
32 93 577
34 93 98
35 93 28
37 93 15
19 94 48
21 94 306
23 94 980
27 94 988
31 94 273
35 94 69
39 94 5
17 95 1
18 95 7
21 95 423
22 95 1081
23 95 1437
24 95 1546
26 95 1208
27 95 1546
28 95 867
29 95 964
31 95 450
32 95 479
33 95 341
34 95 165
36 95 56
19 96 42
23 96 1168
25 96 1046
29 96 611
31 96 455
18 97 3
19 97 62
20 97 68
21 97 289
22 97 1029
23 97 1579
24 97 2351
25 97 736
26 97 2276
27 97 1558
28 97 1118
29 97 629
30 97 1035
31 97 606
32 97 294
33 97 393
34 97 344
35 97 165
36 97 72
37 97 83
19 99 9
20 99 25
23 99 398
25 99 472
26 99 663
28 99 619
29 99 786
31 99 368
32 99 435
34 99 284
35 99 219
37 99 36
38 99 28
1 2 630
1 3 639770
1 4 669749
1 5 65903
2 5 19565
1 6 1406
1 7 16
2 7 321348
3 7 1176
1 8 1
3 8 8489
2 9 111722
4 9 213
3 10 76142
2 11 5555
3 11 209946
4 11 22122
5 11 28
5 12 292
2 13 173
3 13 113634
4 13 107966
5 13 7258
6 13 7
3 14 28812
5 14 8840
2 15 2
4 15 84054
7 15 1
3 16 4464
5 16 44373
7 16 27
3 17 1206
4 17 99672
5 17 89401
6 17 20028
7 17 679
5 18 39787
7 18 1146
3 19 129
4 19 29154
5 19 115643
6 19 48582
7 19 7330
8 19 284
3 20 21
7 20 5992
9 20 1
4 21 3491
5 21 43302
8 21 2032
5 22 26286
7 22 17340
9 22 270
4 23 549
5 23 32276
6 23 82795
7 23 45812
8 23 15222
9 23 1649
10 23 62
5 24 8852
7 24 31554
4 25 127
6 25 58653
7 25 50229
8 25 23875
9 25 6483
11 25 15
5 26 2351
7 26 40822
9 26 7578
11 26 89
4 27 7
5 27 968
7 27 37228
8 27 25951
10 27 2931
11 27 200
5 28 348
9 28 10441
11 28 180
4 29 2
5 29 156
6 29 15946
7 29 44770
8 29 57187
9 29 27211
10 29 13533
11 29 2063
12 29 254
13 29 1
7 30 9589
11 30 1149
13 30 25
5 31 65
6 31 4531
7 31 21594
8 31 51717
9 31 41997
10 31 18326
11 31 8291
12 31 1724
13 31 71
5 32 29
7 32 10562
9 32 24092
11 32 2468
13 32 130
5 33 35
7 33 6861
8 33 19114
10 33 15364
13 33 767
14 33 29
5 34 7
7 34 3197
9 34 21985
11 34 3511
13 34 567
15 34 1
6 35 145
8 35 19589
9 35 24450
11 35 12212
12 35 5855
13 35 1430
7 36 1153
11 36 5258
13 36 1165
6 37 85
7 37 1145
8 37 14853
9 37 28517
10 37 40012
11 37 27884
12 37 13923
13 37 4182
14 37 1675
15 37 260
16 37 39
7 38 339
9 38 9446
11 38 15516
13 38 3428
15 38 462
7 39 277
8 39 3978
10 39 22580
11 39 16236
14 39 2358
16 39 165
17 39 15
7 40 32
9 40 6917
11 40 11185
13 40 3306
17 40 34
6 41 1
7 41 59
8 41 2477
9 41 12523
10 41 33214
11 41 34845
12 41 26401
13 41 13027
14 41 8420
15 41 2972
16 41 663
17 41 150
18 41 8
11 42 6220
13 42 6106
17 42 140
7 43 15
8 43 764
9 43 6947
10 43 22018
11 43 32935
12 43 31495
13 43 21917
14 43 10870
15 43 4155
16 43 2160
17 43 531
18 43 103
19 43 3
7 44 4
9 44 2107
13 44 6053
15 44 2338
17 44 182
8 45 137
11 45 16778
13 45 17131
14 45 10140
16 45 2207
17 45 692
19 45 24
9 46 752
11 46 8998
13 46 10509
15 46 5237
17 46 715
19 46 95
7 47 3
8 47 68
9 47 1251
10 47 9482
11 47 19675
12 47 28767
13 47 29408
14 47 22791
15 47 12489
16 47 7257
17 47 2746
18 47 931
19 47 275
20 47 59
21 47 2
11 48 4140
13 48 6067
17 48 488
19 48 217
8 49 18
9 49 278
10 49 3553
11 49 10988
12 49 24042
13 49 22461
15 49 14224
16 49 6990
17 49 3642
18 49 1597
19 49 376
20 49 134
9 50 79
11 50 2529
13 50 9290
17 50 1355
19 50 336
21 50 25
10 51 1402
11 51 3715
13 51 17943
14 51 13295
16 51 7647
19 51 1170
20 51 432
22 51 13
9 52 78
11 52 2353
15 52 5695
17 52 3460
19 52 260
21 52 90
8 53 1
9 53 26
10 53 683
11 53 3394
12 53 11670
13 53 14056
14 53 20695
15 53 19120
16 53 12668
17 53 6440
18 53 4638
19 53 1917
20 53 720
21 53 260
22 53 33
23 53 2
11 54 394
13 54 3346
17 54 2458
19 54 1188
23 54 4
9 55 34
12 55 6153
13 55 9456
14 55 13165
16 55 10155
17 55 7821
18 55 5302
19 55 2523
21 55 630
23 55 38
24 55 1
9 56 7
11 56 410
13 56 6227
15 56 11219
17 56 3765
19 56 2186
23 56 65
10 57 79
11 57 644
13 57 4739
14 57 8925
16 57 12131
17 57 7130
20 57 2415
22 57 390
23 57 94
25 57 1
11 58 284
13 58 3419
15 58 12933
17 58 5925
19 58 2367
21 58 1415
23 58 140
25 58 1
9 59 1
10 59 13
11 59 259
12 59 3278
13 59 5939
14 59 13228
15 59 20229
16 59 19709
17 59 15991
18 59 10367
19 59 8761
20 59 4193
21 59 2816
22 59 960
23 59 481
24 59 158
25 59 21
26 59 2
11 60 60
13 60 2000
17 60 3137
19 60 3291
23 60 275
10 61 37
11 61 29
12 61 1452
13 61 4115
14 61 8768
15 61 16121
16 61 19092
17 61 12145
18 61 13621
19 61 8978
20 61 8250
21 61 4585
22 61 1464
23 61 673
24 61 301
25 61 154
26 61 19
27 61 1
11 62 25
13 62 1417
15 62 5213
17 62 6568
19 62 3312
21 62 2318
23 62 294
25 62 130
27 62 2
10 63 2
11 63 8
13 63 891
16 63 7092
17 63 6221
19 63 6611
20 63 5184
22 63 1332
23 63 954
25 63 196
26 63 39
11 64 10
13 64 927
15 64 4346
17 64 8635
19 64 4036
21 64 2462
23 64 574
25 64 145
27 64 10
11 65 2
12 65 184
14 65 2224
16 65 10955
17 65 10672
18 65 10098
19 65 4476
21 65 4723
22 65 1829
23 65 1439
24 65 616
27 65 52
28 65 5
13 66 390
17 66 2022
19 66 3401
23 66 819
25 66 258
29 66 1
11 67 8
12 67 57
13 67 333
14 67 2192
15 67 4901
16 67 12287
17 67 10971
18 67 18813
19 67 7660
20 67 7905
21 67 5412
22 67 4444
23 67 3241
24 67 2298
25 67 1063
26 67 375
27 67 223
28 67 2
29 67 4
13 68 144
15 68 2070
19 68 5800
21 68 3640
23 68 1223
25 68 573
27 68 65
29 68 5
11 69 2
13 69 125
14 69 774
16 69 2612
17 69 4243
19 69 6789
20 69 5768
22 69 1874
25 69 927
26 69 287
28 69 84
29 69 14
13 70 36
17 70 4072
19 70 1929
23 70 683
29 70 50
31 70 1
11 71 1
12 71 1
13 71 52
14 71 514
15 71 1861
16 71 4969
17 71 9784
18 71 10836
19 71 12581
20 71 10453
21 71 9103
22 71 6288
23 71 4444
24 71 4008
25 71 1332
26 71 1139
27 71 435
28 71 251
29 71 39
30 71 34
31 71 2
13 72 23
17 72 2865
19 72 5433
23 72 2245
25 72 846
29 72 26
31 72 4
12 73 8
13 73 16
14 73 273
15 73 1064
16 73 3724
17 73 7265
18 73 15167
19 73 6221
20 73 7800
21 73 6482
22 73 5197
23 73 2535
24 73 4069
25 73 3378
26 73 1984
27 73 960
28 73 302
29 73 170
30 73 82
31 73 19
13 74 1
15 74 548
17 74 2256
19 74 5955
21 74 3002
23 74 1021
25 74 1515
27 74 379
31 74 50
33 74 1
13 75 2
14 75 50
16 75 1098
17 75 700
19 75 4741
22 75 2624
26 75 2030
28 75 364
29 75 431
31 75 2
32 75 4
13 76 5
15 76 163
17 76 1829
21 76 6088
23 76 3213
25 76 2270
29 76 265
33 76 4
15 77 113
16 77 716
17 77 1315
18 77 5313
19 77 3971
20 77 6801
23 77 1300
24 77 4827
26 77 2670
27 77 3092
29 77 547
30 77 322
31 77 43
32 77 30
17 78 836
19 78 2166
23 78 843
25 78 1769
29 78 295
35 78 1
13 79 7
14 79 13
15 79 113
16 79 321
17 79 995
18 79 2849
19 79 6400
20 79 9760
21 79 8590
22 79 6504
23 79 7063
24 79 7587
25 79 4477
26 79 2196
27 79 2954
28 79 1623
29 79 856
30 79 294
31 79 307
32 79 9
33 79 24
34 79 8
17 80 1024
19 80 2250
21 80 3676
23 80 3718
27 80 651
29 80 603
33 80 30
13 81 1
14 81 13
16 81 212
17 81 543
19 81 2135
20 81 2827
22 81 3624
23 81 4775
25 81 2197
26 81 2456
28 81 2268
29 81 705
31 81 237
32 81 115
34 81 14
15 82 13
17 82 76
19 82 2575
21 82 3486
23 82 1688
27 82 1337
29 82 488
31 82 91
35 82 5
37 82 1
15 83 7
16 83 159
17 83 320
18 83 1391
19 83 2088
20 83 5399
21 83 7283
22 83 6433
23 83 6730
24 83 2864
25 83 4187
26 83 1850
27 83 3680
28 83 1742
29 83 1510
30 83 1292
31 83 659
32 83 265
33 83 169
34 83 50
35 83 14
36 83 1
37 83 1
17 84 224
19 84 1390
23 84 3492
25 84 1333
31 84 294
16 85 23
18 85 462
19 85 1472
21 85 2004
22 85 5115
23 85 5173
24 85 5979
26 85 1168
27 85 3553
29 85 964
31 85 640
32 85 498
33 85 231
36 85 18
38 85 1
17 86 164
19 86 365
21 86 2587
25 86 2221
27 86 825
29 86 780
33 86 175
37 86 4
16 87 21
17 87 102
19 87 348
20 87 824
22 87 2300
23 87 3317
26 87 1112
31 87 1484
32 87 716
34 87 161
37 87 18
17 88 73
19 88 972
21 88 1965
23 88 4378
25 88 3467
27 88 3205
29 88 1035
31 88 365
37 88 14
16 89 4
17 89 48
18 89 198
19 89 573
21 89 1757
22 89 3049
23 89 4915
24 89 4808
25 89 3000
26 89 4199
27 89 969
28 89 2064
29 89 2917
30 89 2137
31 89 365
32 89 992
33 89 447
34 89 237
35 89 146
36 89 75
39 89 2
17 90 29
19 90 236
23 90 2068
31 90 503
17 91 15
18 91 82
19 91 125
20 91 267
22 91 1876
23 91 1023
24 91 3016
27 91 2627
30 91 636
31 91 1607
32 91 365
33 91 1090
34 91 223
36 91 181
17 92 9
19 92 336
21 92 1037
25 92 2366
27 92 2097
29 92 2047
35 92 91
16 93 1
17 93 6
19 93 128
20 93 204
23 93 2034
26 93 1266
28 93 1231
32 93 490
34 93 636
35 93 147
37 93 55
38 93 30
41 93 1
17 94 4
19 94 20
21 94 170
23 94 844
18 95 17
21 95 139
22 95 435
24 95 1165
27 95 1578
32 95 485
33 95 1013
34 95 258
36 95 294
37 95 111
39 95 30
17 96 1
19 96 60
23 96 1243
25 96 2105
29 96 1410
31 96 895
18 97 7
19 97 17
20 97 31
21 97 72
23 97 517
24 97 730
26 97 1505
27 97 1430
30 97 971
33 97 1218
34 97 358
35 97 259
36 97 448
37 97 147
38 97 111
39 97 55
19 99 16
34 99 475
35 99 368
37 99 224
38 99 147
1 2 46767
1 3 271524
1 4 671892
1 5 77135
2 5 11630
1 6 2405
1 7 53
2 7 365508
3 7 919
1 8 2
3 8 10279
2 9 127293
4 9 12
3 10 118450
2 11 7323
3 11 275539
4 11 10401
5 11 1
5 12 126
2 13 145
3 13 146946
4 13 95645
5 13 4045
3 14 36225
5 14 5379
2 15 1
4 15 101310
3 16 6067
5 16 39310
7 16 1
3 17 1413
4 17 112878
5 17 115267
6 17 14346
7 17 300
5 18 21743
7 18 428
3 19 79
4 19 28539
5 19 119373
6 19 43721
7 19 4773
8 19 52
3 20 7
7 20 4086
4 21 3895
5 21 42115
8 21 1150
5 22 23300
7 22 25644
9 22 218
4 23 601
5 23 28427
6 23 90172
7 23 47456
8 23 10776
9 23 1428
10 23 8
5 24 4514
7 24 19729
4 25 104
6 25 60551
7 25 58779
8 25 18914
9 25 5264
11 25 1
5 26 1909
7 26 44353
9 26 9076
11 26 8
4 27 2
5 27 1350
7 27 44241
8 27 24277
10 27 1423
11 27 166
5 28 254
9 28 9362
11 28 165
5 29 205
6 29 12820
7 29 45556
8 29 49680
9 29 26024
10 29 5784
11 29 1251
12 29 57
7 30 8688
11 30 266
13 30 1
5 31 127
6 31 3326
7 31 25821
8 31 52203
9 31 45188
10 31 14334
11 31 4106
12 31 582
13 31 15
5 32 6
7 32 10717
9 32 34419
11 32 4079
13 32 20
5 33 7
7 33 5702
8 33 20264
10 33 12549
13 33 386
14 33 7
5 34 1
7 34 3465
9 34 32110
11 34 4833
13 34 580
6 35 155
8 35 15744
9 35 30298
11 35 14950
12 35 5175
13 35 825
7 36 1173
11 36 9120
13 36 1616
6 37 85
7 37 1220
8 37 11596
9 37 38260
10 37 38483
11 37 28176
12 37 14235
13 37 4455
14 37 890
15 37 186
16 37 7
7 38 405
9 38 17635
11 38 17417
13 38 3422
15 38 371
7 39 169
8 39 3182
10 39 21865
11 39 20100
14 39 2793
16 39 106
17 39 6
7 40 71
9 40 12241
11 40 16483
13 40 5419
17 40 11
7 41 43
8 41 2251
9 41 13693
10 41 33590
11 41 35104
12 41 28846
13 41 13814
14 41 4473
15 41 2892
16 41 521
17 41 141
18 41 5
11 42 10108
13 42 4187
17 42 111
7 43 24
8 43 787
9 43 7773
10 43 23320
11 43 34041
12 43 36197
13 43 26135
14 43 7497
15 43 4459
16 43 1352
17 43 302
18 43 133
19 43 5
7 44 12
9 44 3209
13 44 12096
15 44 4378
17 44 456
19 44 10
8 45 117
11 45 11787
13 45 9617
14 45 4030
16 45 1316
17 45 722
19 45 41
7 46 3
9 46 1460
11 46 14590
13 46 14446
15 46 6439
17 46 525
19 46 10
8 47 60
9 47 1381
10 47 8381
11 47 20700
12 47 35362
13 47 28772
14 47 19253
15 47 13361
16 47 5286
17 47 2560
18 47 665
19 47 136
20 47 16
21 47 1
11 48 4658
13 48 13584
17 48 781
19 48 140
8 49 48
9 49 463
10 49 3426
11 49 11692
12 49 26041
13 49 25852
15 49 16520
16 49 5134
17 49 3709
18 49 1210
19 49 212
20 49 37
9 50 85
11 50 4375
13 50 12459
17 50 1035
19 50 203
21 50 20
8 51 1
10 51 1005
11 51 4659
13 51 16751
14 51 15055
16 51 5901
19 51 926
20 51 162
22 51 1
9 52 44
11 52 3436
15 52 18193
17 52 4241
19 52 815
21 52 100
9 53 56
10 53 894
11 53 4587
12 53 15314
13 53 26921
14 53 25353
15 53 31123
16 53 13303
17 53 10376
18 53 6367
19 53 1854
20 53 507
21 53 317
22 53 5
11 54 1079
13 54 8681
17 54 2834
19 54 978
23 54 1
9 55 8
12 55 4562
13 55 12530
14 55 10982
16 55 8530
17 55 8311
18 55 2968
19 55 1588
21 55 181
23 55 2
9 56 3
11 56 591
13 56 4526
15 56 7393
17 56 3862
19 56 1193
23 56 5
10 57 68
11 57 600
13 57 5474
14 57 8300
16 57 7396
17 57 5031
20 57 1738
22 57 179
23 57 61
11 58 207
13 58 4035
15 58 9104
17 58 4907
19 58 1409
21 58 291
23 58 20
9 59 1
10 59 31
11 59 302
12 59 1819
13 59 5919
14 59 12374
15 59 16488
16 59 19926
17 59 9974
18 59 8426
19 59 4169
20 59 3171
21 59 1337
22 59 505
23 59 170
24 59 23
25 59 1
11 60 18
13 60 1045
17 60 5809
19 60 2580
23 60 5
9 61 1
10 61 13
11 61 121
12 61 1035
13 61 3144
14 61 8695
15 61 16647
16 61 17750
17 61 14616
18 61 9461
19 61 5925
20 61 4294
21 61 2058
22 61 980
23 61 409
24 61 110
25 61 20
26 61 1
27 61 1
11 62 32
13 62 1081
15 62 4349
17 62 6883
19 62 2795
21 62 1252
23 62 120
25 62 35
10 63 1
11 63 48
13 63 811
16 63 4847
17 63 4041
19 63 4038
20 63 2964
22 63 1221
23 63 541
25 63 56
26 63 5
11 64 7
13 64 820
15 64 4015
17 64 9700
19 64 4685
21 64 1473
23 64 416
25 64 65
27 64 5
11 65 5
12 65 138
14 65 3084
16 65 10299
17 65 12304
18 65 8899
19 65 5721
21 65 3392
22 65 1599
23 65 1057
24 65 445
27 65 20
29 65 1
13 66 196
17 66 3570
19 66 4160
23 66 369
25 66 50
11 67 8
12 67 38
13 67 394
14 67 2309
15 67 6523
16 67 11375
17 67 10904
18 67 16167
19 67 11916
20 67 8794
21 67 5027
22 67 4003
23 67 2380
24 67 1347
25 67 720
26 67 101
27 67 47
29 67 1
30 67 1
11 68 1
13 68 115
15 68 2853
19 68 3459
21 68 3448
23 68 836
25 68 417
27 68 5
13 69 118
14 69 627
16 69 5449
17 69 6971
19 69 8012
20 69 7055
22 69 2988
25 69 416
26 69 161
28 69 30
29 69 1
13 70 29
17 70 3996
19 70 5022
23 70 455
29 70 10
12 71 5
13 71 81
14 71 675
15 71 1785
16 71 6108
17 71 10082
18 71 11098
19 71 16200
20 71 12945
21 71 8440
22 71 5536
23 71 4054
24 71 3179
25 71 1239
26 71 653
27 71 161
28 71 70
29 71 5
30 71 11
13 72 12
17 72 4043
19 72 3950
23 72 808
25 72 535
29 72 5
31 72 1
12 73 19
13 73 19
14 73 311
15 73 940
16 73 4055
17 73 6292
18 73 10467
19 73 9593
20 73 10386
21 73 10084
22 73 7325
23 73 2063
24 73 3682
25 73 2722
26 73 596
27 73 655
28 73 279
29 73 51
30 73 25
31 73 1
13 74 9
15 74 298
17 74 1652
19 74 7878
21 74 5802
23 74 1133
25 74 825
27 74 161
29 74 77
31 74 10
14 75 40
16 75 780
17 75 2825
19 75 5181
22 75 2840
23 75 2334
26 75 804
28 75 176
29 75 80
32 75 1
13 76 1
15 76 192
17 76 1396
21 76 5716
23 76 2478
25 76 1550
27 76 220
29 76 70
33 76 1
13 77 1
15 77 217
16 77 1127
17 77 2111
18 77 5883
19 77 3802
20 77 9064
23 77 3184
24 77 3077
25 77 2256
26 77 1825
27 77 1628
29 77 230
30 77 90
31 77 1
32 77 5
17 78 992
19 78 2069
23 78 2100
25 78 839
29 78 119
13 79 5
14 79 9
15 79 49
16 79 670
17 79 1479
18 79 3551
19 79 6873
20 79 10355
21 79 9031
22 79 6422
23 79 8446
24 79 7066
25 79 4871
26 79 2680
27 79 1131
28 79 993
29 79 301
30 79 218
31 79 90
32 79 35
33 79 6
34 79 2
13 80 1
17 80 614
19 80 2438
21 80 4167
23 80 3916
27 80 474
29 80 305
33 80 5
14 81 1
16 81 174
17 81 368
19 81 3225
20 81 4131
22 81 4023
23 81 5326
25 81 2668
26 81 1624
28 81 1613
29 81 334
31 81 134
32 81 36
34 81 1
15 82 4
17 82 145
19 82 2496
21 82 1670
23 82 2712
25 82 2038
27 82 771
29 82 281
31 82 35
14 83 1
15 83 6
16 83 166
17 83 719
18 83 1500
19 83 3237
20 83 8287
21 83 5287
22 83 6051
23 83 8094
24 83 3690
25 83 4940
26 83 2980
27 83 2841
28 83 1219
29 83 1161
30 83 978
31 83 379
32 83 70
33 83 46
34 83 20
35 83 1
17 84 58
19 84 369
23 84 2761
25 84 1617
29 84 285
31 84 200
14 85 2
16 85 39
18 85 884
19 85 1611
21 85 2602
22 85 5450
23 85 5051
24 85 5347
26 85 1636
27 85 1560
28 85 465
29 85 1261
31 85 463
32 85 139
33 85 55
36 85 2
17 86 98
19 86 620
21 86 1965
23 86 1314
25 86 3235
27 86 724
29 86 203
31 86 155
33 86 35
37 86 1
14 87 1
16 87 13
17 87 61
19 87 573
20 87 2507
22 87 3458
23 87 6271
25 87 2769
26 87 1256
28 87 1426
31 87 594
32 87 231
34 87 20
37 87 2
17 88 20
19 88 379
21 88 2389
23 88 2209
25 88 2790
27 88 1480
29 88 408
31 88 399
37 88 1
15 89 2
16 89 3
17 89 44
18 89 208
19 89 757
20 89 2219
21 89 2100
22 89 4895
23 89 5480
24 89 4270
25 89 5750
26 89 5226
27 89 1238
28 89 1524
29 89 1901
30 89 958
31 89 285
32 89 487
33 89 176
34 89 50
35 89 106
36 89 20
17 90 5
19 90 197
23 90 2688
29 90 99
31 90 410
15 91 1
16 91 1
17 91 12
18 91 136
19 91 273
20 91 743
22 91 3217
23 91 3540
24 91 4428
25 91 4607
27 91 2223
29 91 1148
30 91 1281
31 91 595
32 91 125
33 91 349
34 91 70
36 91 65
15 92 1
17 92 4
19 92 127
21 92 765
25 92 1709
27 92 1220
29 92 769
31 92 266
33 92 165
35 92 35
17 93 2
19 93 141
20 93 433
22 93 1246
23 93 1432
25 93 3485
26 93 1328
28 93 291
32 93 365
34 93 251
35 93 155
37 93 15
38 93 5
17 94 3
19 94 8
21 94 400
23 94 507
25 94 2227
18 95 9
21 95 403
22 95 1180
23 95 838
24 95 1818
26 95 1774
27 95 2095
28 95 1421
29 95 420
31 95 819
32 95 207
33 95 328
34 95 70
36 95 70
37 95 15
39 95 5
19 96 10
23 96 717
25 96 1497
29 96 1068
31 96 338
35 96 165
17 97 1
18 97 6
19 97 36
20 97 88
21 97 258
22 97 797
23 97 1145
24 97 1960
25 97 1743
26 97 2018
27 97 1968
28 97 1050
29 97 1466
30 97 838
31 97 99
32 97 819
33 97 328
34 97 126
35 97 70
36 97 140
37 97 35
38 97 15
39 97 15
19 99 3
20 99 15
23 99 328
25 99 727
26 99 984
28 99 590
34 99 203
35 99 126
37 99 70
38 99 35
1 2 54264
1 3 251156
1 4 588198
1 5 52045
2 5 15501
1 6 1618
1 7 16
2 7 358470
3 7 1108
1 8 1
3 8 11051
2 9 107699
4 9 7
3 10 77678
2 11 4536
3 11 209554
4 11 20430
5 11 28
5 12 203
2 13 158
3 13 115457
4 13 115822
5 13 6210
6 13 7
3 14 25086
5 14 8577
2 15 4
4 15 95415
3 16 3857
5 16 41631
7 16 37
3 17 549
4 17 112569
5 17 97466
6 17 17972
7 17 721
5 18 21866
7 18 462
3 19 74
4 19 26704
5 19 109573
6 19 42993
7 19 5419
8 19 273
3 20 10
7 20 9573
9 20 7
4 21 2290
5 21 33915
8 21 2084
5 22 25504
7 22 19164
9 22 251
4 23 344
5 23 26887
6 23 79904
7 23 48243
8 23 12069
9 23 1552
10 23 58
5 24 3052
7 24 16478
4 25 35
6 25 50660
7 25 56796
8 25 25472
9 25 3113
11 25 9
5 26 1703
7 26 44143
9 26 6828
11 26 93
5 27 707
7 27 39938
8 27 30557
10 27 1745
11 27 211
5 28 209
9 28 9519
11 28 648
5 29 123
6 29 12427
7 29 52708
8 29 64690
9 29 23302
10 29 10467
11 29 2297
12 29 247
13 29 1
7 30 6263
11 30 35
13 30 1
5 31 31
6 31 2623
7 31 26569
8 31 58600
9 31 47540
10 31 20794
11 31 3996
12 31 1078
13 31 127
5 32 9
7 32 9384
9 32 29969
11 32 6707
13 32 306
5 33 1
7 33 6332
8 33 20632
10 33 13789
13 33 210
14 33 71
7 34 3609
9 34 26751
11 34 8569
13 34 482
15 34 2
6 35 35
8 35 19797
9 35 26677
11 35 13069
12 35 6535
13 35 2066
7 36 1555
11 36 7894
13 36 1398
6 37 19
7 37 769
8 37 11781
9 37 28296
10 37 41863
11 37 27842
12 37 13079
13 37 6023
14 37 1831
15 37 176
16 37 37
7 38 245
9 38 11893
11 38 20437
13 38 6264
15 38 356
17 38 2
7 39 171
8 39 2744
10 39 16253
11 39 16739
14 39 2459
16 39 50
17 39 7
7 40 41
9 40 7218
11 40 20226
13 40 5269
17 40 31
7 41 32
8 41 1735
9 41 10494
10 41 29930
11 41 32738
12 41 29713
13 41 14667
14 41 6191
15 41 2701
16 41 853
17 41 136
18 41 7
11 42 8936
13 42 4548
17 42 35
7 43 19
8 43 711
9 43 5014
10 43 21700
11 43 31843
12 43 33921
13 43 19537
14 43 11192
15 43 5337
16 43 2179
17 43 406
18 43 66
19 43 4
7 44 8
9 44 1535
13 44 17245
15 44 3494
17 44 446
19 44 16
7 45 3
8 45 78
11 45 7067
13 45 8769
14 45 5833
16 45 1973
17 45 517
19 45 30
9 46 637
11 46 11843
13 46 15511
15 46 5996
17 46 1440
19 46 91
8 47 31
9 47 752
10 47 7856
11 47 17352
12 47 26243
13 47 28374
14 47 22127
15 47 10539
16 47 6884
17 47 3093
18 47 1077
19 47 281
20 47 51
21 47 2
11 48 3956
13 48 7039
17 48 370
19 48 35
8 49 35
9 49 148
10 49 3388
11 49 11061
12 49 17849
13 49 24297
15 49 13330
16 49 8596
17 49 3712
18 49 1504
19 49 525
20 49 131
9 50 47
11 50 4575
13 50 14190
17 50 3153
19 50 502
21 50 21
8 51 4
10 51 1145
11 51 2583
13 51 12639
14 51 12524
16 51 6551
19 51 316
20 51 267
22 51 5
9 52 21
11 52 3161
15 52 15641
17 52 4839
19 52 1275
21 52 126
23 52 1
9 53 17
10 53 592
11 53 4761
12 53 14380
13 53 24964
14 53 28802
15 53 29038
16 53 19886
17 53 9364
18 53 5643
19 53 2839
20 53 1157
21 53 418
22 53 111
23 53 16
11 54 1107
13 54 6416
17 54 2369
19 54 794
9 55 15
12 55 5390
13 55 12571
14 55 14498
16 55 11988
17 55 5339
18 55 3515
19 55 1640
21 55 365
23 55 15
24 55 1
9 56 4
11 56 440
13 56 4418
15 56 11001
17 56 5341
19 56 1441
23 56 35
10 57 49
11 57 445
13 57 5350
14 57 11892
16 57 12842
17 57 10353
20 57 1114
22 57 257
23 57 120
25 57 1
11 58 171
13 58 3387
15 58 11357
17 58 9306
19 58 2132
21 58 978
23 58 252
25 58 5
10 59 11
11 59 190
12 59 2785
13 59 8647
14 59 14146
15 59 23724
16 59 27135
17 59 16411
18 59 11640
19 59 6148
20 59 4203
21 59 2233
22 59 958
23 59 477
24 59 190
25 59 35
26 59 2
11 60 37
13 60 1552
17 60 5007
19 60 4256
23 60 209
10 61 60
11 61 43
12 61 1010
13 61 4357
14 61 11769
15 61 21247
16 61 21609
17 61 20383
18 61 13912
19 61 10260
20 61 4916
21 61 3298
22 61 1526
23 61 699
24 61 357
25 61 85
26 61 15
11 62 40
13 62 989
15 62 4483
17 62 9839
19 62 5299
21 62 2020
23 62 748
27 62 5
10 63 2
11 63 23
13 63 1101
16 63 6358
17 63 6275
19 63 5956
20 63 3870
22 63 1263
23 63 801
25 63 70
26 63 35
13 64 768
15 64 4519
17 64 11395
19 64 7272
21 64 3846
23 64 977
25 64 245
27 64 15
11 65 5
12 65 60
14 65 3882
16 65 10417
17 65 13666
18 65 9587
19 65 8479
21 65 4440
22 65 1098
23 65 1352
24 65 425
27 65 50
28 65 10
13 66 475
17 66 6394
19 66 4333
23 66 226
25 66 210
11 67 2
12 67 29
13 67 265
14 67 2574
15 67 7320
16 67 14149
17 67 15298
18 67 21626
19 67 16536
20 67 12706
21 67 6062
22 67 4219
23 67 2225
24 67 1042
25 67 1135
26 67 210
27 67 280
28 67 80
29 67 6
13 68 119
15 68 2999
19 68 3986
21 68 6373
23 68 1268
25 68 1014
27 68 196
11 69 1
13 69 149
14 69 818
16 69 6786
17 69 6506
19 69 13095
20 69 6444
22 69 3903
25 69 251
26 69 406
28 69 70
29 69 30
13 70 29
17 70 3618
19 70 9243
23 70 708
27 70 404
31 70 1
11 71 1
12 71 1
13 71 36
14 71 589
15 71 1839
16 71 6868
17 71 12310
18 71 12289
19 71 21481
20 71 19014
21 71 8822
22 71 6636
23 71 4385
24 71 4054
25 71 1382
26 71 456
27 71 196
28 71 336
29 71 210
30 71 35
31 71 2
11 72 2
13 72 37
17 72 3040
19 72 5298
23 72 1191
25 72 699
29 72 70
31 72 5
13 73 13
14 73 171
15 73 1070
16 73 5316
17 73 7102
18 73 12213
19 73 11811
20 73 17296
21 73 13838
22 73 12350
23 73 1503
24 73 3569
25 73 2792
26 73 534
27 73 1288
28 73 322
29 73 252
30 73 105
31 73 25
13 74 1
15 74 297
17 74 1746
19 74 8030
21 74 10109
23 74 2804
25 74 484
27 74 45
29 74 209
13 75 2
14 75 60
16 75 1920
17 75 3540
19 75 5911
22 75 2533
23 75 5180
26 75 489
28 75 294
31 75 50
32 75 5
15 76 202
17 76 1023
21 76 8570
23 76 3332
25 76 2493
27 76 1306
29 76 210
15 77 142
16 77 1428
17 77 2999
18 77 9953
19 77 8171
20 77 10410
23 77 5797
24 77 2823
25 77 3476
26 77 320
27 77 821
29 77 490
30 77 126
31 77 196
32 77 40
17 78 820
19 78 2901
23 78 2942
25 78 1072
29 78 125
31 78 35
13 79 24
14 79 15
15 79 58
16 79 867
17 79 2061
18 79 5324
19 79 7907
20 79 9634
21 79 13628
22 79 7659
23 79 10172
24 79 6671
25 79 9721
26 79 4917
27 79 187
28 79 665
30 79 392
31 79 141
32 79 245
33 79 15
34 79 1
35 79 2
17 80 428
19 80 997
21 80 5669
23 80 4437
27 80 1358
29 80 654
14 81 2
16 81 105
17 81 421
19 81 3327
20 81 3903
22 81 4883
23 81 8426
25 81 2737
26 81 1415
28 81 1259
29 81 1687
31 81 336
32 81 126
34 81 15
35 81 5
15 82 11
17 82 195
19 82 2632
21 82 2416
23 82 1792
25 82 4711
27 82 813
29 82 325
33 82 105
14 83 6
15 83 10
16 83 90
17 83 1049
18 83 2671
19 83 3818
20 83 12443
21 83 7395
22 83 7923
23 83 7236
24 83 5310
25 83 5269
26 83 4837
27 83 5037
28 83 624
29 83 621
30 83 1348
31 83 372
32 83 141
34 83 105
35 83 30
36 83 1
17 84 23
19 84 31
23 84 4075
25 84 2962
29 84 693
31 84 325
16 85 15
18 85 1472
19 85 2716
21 85 5154
22 85 5886
23 85 8471
24 85 6955
26 85 1762
27 85 1330
28 85 1757
29 85 2199
31 85 245
36 85 20
17 86 37
19 86 806
21 86 1058
23 86 2253
25 86 3700
27 86 2436
31 86 325
35 86 105
16 87 20
17 87 64
19 87 583
20 87 2991
22 87 3524
23 87 7385
25 87 2613
26 87 1418
28 87 3045
31 87 330
35 87 140
37 87 15
38 87 1
17 88 14
19 88 225
21 88 1924
23 88 2069
25 88 3208
27 88 1490
29 88 1191
31 88 1142
16 89 8
17 89 53
18 89 262
19 89 949
20 89 3171
21 89 4449
22 89 6961
23 89 6529
24 89 5591
25 89 7437
26 89 6290
27 89 3106
28 89 1177
29 89 2511
30 89 948
31 89 868
32 89 495
33 89 294
35 89 196
36 89 85
37 89 35
38 89 10
17 90 6
19 90 203
23 90 3685
29 90 1131
31 90 483
37 90 35
16 91 5
17 91 7
18 91 111
19 91 604
20 91 1696
22 91 5700
23 91 4380
24 91 5930
25 91 6826
27 91 2086
29 91 1867
30 91 1645
31 91 692
32 91 55
34 91 126
37 91 35
38 91 15
40 91 1
17 92 2
19 92 41
21 92 419
25 92 2076
27 92 1752
29 92 1155
31 92 674
33 92 324
17 93 1
19 93 46
20 93 457
22 93 2549
23 93 1109
25 93 4570
26 93 1805
28 93 202
32 93 804
35 93 210
37 93 126
38 93 35
40 93 5
17 94 3
19 94 3
21 94 250
25 94 2136
29 94 225
18 95 7
21 95 854
22 95 1946
23 95 1681
24 95 3413
26 95 4215
27 95 4791
28 95 2247
29 95 1291
31 95 1001
34 95 55
39 95 35
19 96 1
25 96 1433
29 96 1393
31 96 1181
35 96 324
17 97 1
18 97 2
19 97 59
20 97 249
21 97 495
22 97 1276
23 97 2967
24 97 3781
25 97 2806
26 97 4997
27 97 4026
28 97 1502
29 97 2295
30 97 1292
31 97 1231
32 97 1001
35 97 55
39 97 70
40 97 35
41 97 15
20 99 14
23 99 391
25 99 1132
26 99 1456
28 99 1831
40 99 70
41 99 35
1 3 620068
1 4 557525
1 5 92066
2 5 18177
1 6 2935
1 7 70
2 7 353002
3 7 1006
1 8 2
3 8 17886
2 9 160195
4 9 353
3 10 73861
2 11 8807
3 11 209180
4 11 22164
5 11 22
5 12 115
2 13 294
3 13 151303
4 13 120077
5 13 6221
6 13 6
3 14 22854
5 14 6237
2 15 3
4 15 91265
7 15 1
3 16 3888
5 16 15823
7 16 1
3 17 989
4 17 127698
5 17 88808
6 17 13759
7 17 827
5 18 39437
7 18 692
3 19 157
4 19 39366
5 19 100622
6 19 46361
7 19 5844
8 19 300
3 20 4
7 20 4963
4 21 4124
5 21 47725
8 21 2067
5 22 24011
7 22 18976
9 22 160
4 23 695
5 23 33239
6 23 88577
7 23 49698
8 23 12086
9 23 1482
10 23 59
5 24 2418
7 24 5855
4 25 54
6 25 57996
7 25 49921
8 25 23638
9 25 4159
11 25 16
5 26 2725
7 26 30791
9 26 3701
11 26 70
4 27 5
5 27 1432
7 27 55539
8 27 52869
10 27 2966
11 27 481
5 28 263
9 28 6221
11 28 357
5 29 210
6 29 13427
7 29 56551
8 29 48465
9 29 22602
10 29 8540
11 29 1636
12 29 230
13 29 2
7 30 13851
11 30 709
13 30 6
5 31 65
6 31 3528
7 31 28256
8 31 56455
9 31 30913
10 31 16682
11 31 6265
12 31 1050
13 31 143
14 31 1
5 32 13
7 32 6995
9 32 20598
11 32 5012
13 32 61
5 33 3
7 33 7209
8 33 27993
10 33 12808
13 33 448
14 33 39
5 34 1
7 34 4821
9 34 15585
11 34 6343
13 34 482
15 34 2
6 35 105
8 35 25400
9 35 22203
11 35 9012
12 35 4670
13 35 1522
7 36 752
11 36 7212
13 36 893
6 37 39
7 37 863
8 37 16008
9 37 39629
10 37 34586
11 37 16646
12 37 10591
13 37 5856
14 37 1225
15 37 471
16 37 13
7 38 258
9 38 18567
11 38 10758
13 38 3878
15 38 126
17 38 1
7 39 235
8 39 4692
10 39 16008
11 39 18105
14 39 2512
16 39 190
17 39 6
7 40 73
9 40 7063
11 40 14652
13 40 2575
7 41 61
8 41 2606
9 41 12919
10 41 29082
11 41 40074
12 41 32404
13 41 14625
14 41 5169
15 41 1847
16 41 827
17 41 65
18 41 12
11 42 5824
13 42 2457
17 42 90
7 43 65
8 43 712
9 43 6169
10 43 27625
11 43 32419
12 43 33589
13 43 18856
14 43 8451
15 43 5626
16 43 2018
17 43 678
18 43 90
19 43 2
7 44 6
9 44 1905
13 44 10472
15 44 1661
17 44 335
19 44 19
8 45 87
11 45 17056
13 45 12319
14 45 7093
16 45 2403
17 45 753
19 45 30
9 46 1024
11 46 12468
13 46 10429
15 46 3664
17 46 728
19 46 65
7 47 2
8 47 31
9 47 909
10 47 9308
11 47 22470
12 47 30847
13 47 26457
14 47 17444
15 47 9735
16 47 5054
17 47 2346
18 47 945
19 47 145
20 47 17
11 48 6439
13 48 10158
17 48 1354
19 48 160
8 49 19
9 49 268
10 49 4745
11 49 12246
12 49 21373
13 49 22024
15 49 11754
16 49 8828
17 49 3842
18 49 1436
19 49 644
20 49 110
9 50 43
11 50 5356
13 50 9198
17 50 1087
19 50 91
21 50 15
8 51 2
10 51 1169
11 51 5242
13 51 16595
14 51 17567
16 51 10009
19 51 798
20 51 301
22 51 13
9 52 12
11 52 2469
15 52 7514
17 52 3888
19 52 654
21 52 35
23 52 2
8 53 1
9 53 23
10 53 580
11 53 4580
12 53 19302
13 53 30974
14 53 27191
15 53 18489
16 53 21116
17 53 10229
18 53 5522
19 53 3685
20 53 1122
21 53 358
22 53 155
23 53 18
11 54 1269
13 54 6845
17 54 2910
19 54 1197
23 54 15
9 55 5
12 55 4127
13 55 14011
14 55 12763
16 55 9655
17 55 7092
18 55 2616
19 55 1648
21 55 160
23 55 39
24 55 2
9 56 8
11 56 519
13 56 3734
15 56 5351
17 56 3964
19 56 1273
10 57 47
11 57 352
13 57 6526
14 57 12417
16 57 8660
17 57 6176
20 57 1157
22 57 195
23 57 85
25 57 2
11 58 295
13 58 5315
15 58 11691
17 58 8253
19 58 3273
21 58 413
23 58 35
25 58 5
10 59 21
11 59 284
12 59 2446
13 59 7509
14 59 16616
15 59 15671
16 59 18147
17 59 13549
18 59 10544
19 59 7042
20 59 3714
21 59 1712
22 59 1024
23 59 217
24 59 100
25 59 45
26 59 2
11 60 11
13 60 1400
17 60 3975
19 60 702
23 60 140
10 61 11
11 61 62
12 61 883
13 61 4844
14 61 11981
15 61 13567
16 61 13949
17 61 15380
18 61 11617
19 61 5247
20 61 5718
21 61 2105
22 61 1433
23 61 904
24 61 111
25 61 150
26 61 29
27 61 2
11 62 47
13 62 1818
15 62 7656
17 62 7188
19 62 5040
21 62 753
23 62 292
25 62 45
27 62 4
10 63 1
11 63 8
13 63 1129
16 63 6687
17 63 8076
19 63 5121
20 63 3686
22 63 797
23 63 285
25 63 56
26 63 40
11 64 10
13 64 564
15 64 3930
17 64 6852
19 64 4492
21 64 1257
23 64 719
25 64 192
27 64 20
11 65 3
12 65 95
14 65 4417
16 65 7475
17 65 6178
18 65 8312
19 65 6366
21 65 3296
22 65 2407
23 65 570
24 65 513
27 65 30
28 65 8
13 66 355
17 66 4378
19 66 5376
23 66 289
25 66 140
29 66 1
11 67 11
12 67 25
13 67 303
14 67 2179
15 67 4606
16 67 12241
17 67 8746
18 67 10420
19 67 11811
20 67 11060
21 67 6733
22 67 3261
23 67 1378
24 67 733
25 67 512
26 67 287
27 67 110
28 67 60
29 67 8
11 68 3
13 68 97
15 68 2155
19 68 7827
21 68 2862
23 68 1215
25 68 372
27 68 90
29 68 10
13 69 74
14 69 871
16 69 4297
17 69 9185
20 69 5167
22 69 2136
25 69 824
26 69 55
28 69 55
29 69 24
13 70 41
17 70 4571
19 70 3699
23 70 506
29 70 20
12 71 3
13 71 51
14 71 482
15 71 1873
16 71 4720
17 71 5630
18 71 16459
19 71 9082
20 71 11464
21 71 6454
22 71 2898
23 71 2056
24 71 2390
25 71 1745
26 71 713
27 71 603
28 71 162
29 71 76
30 71 20
31 71 1
13 72 6
17 72 3334
19 72 5947
23 72 1320
25 72 378
12 73 8
13 73 13
14 73 295
15 73 1160
16 73 2543
17 73 3317
18 73 8000
19 73 12546
20 73 13741
21 73 7880
22 73 7511
23 73 5049
24 73 3217
25 73 878
26 73 1098
27 73 321
28 73 497
29 73 100
30 73 20
31 73 34
32 73 2
13 74 3
15 74 527
17 74 4458
19 74 5295
21 74 4990
23 74 4423
27 74 360
29 74 35
31 74 20
13 75 3
14 75 29
16 75 903
17 75 2528
19 75 3616
22 75 5040
23 75 3837
28 75 198
31 75 10
32 75 10
13 76 1
15 76 210
17 76 1828
21 76 2890
23 76 2841
25 76 1346
27 76 689
29 76 140
31 76 60
15 77 147
16 77 1172
17 77 2081
18 77 3850
19 77 4545
20 77 7247
23 77 5975
24 77 2796
25 77 4411
29 77 408
30 77 91
32 77 50
34 77 1
17 78 1780
19 78 3491
23 78 1480
25 78 1370
29 78 91
14 79 16
15 79 101
16 79 366
17 79 1831
18 79 3863
19 79 5350
20 79 7822
21 79 8207
22 79 6589
23 79 5306
24 79 5292
25 79 3392
26 79 2116
27 79 1727
28 79 1214
29 79 408
30 79 280
31 79 91
32 79 50
33 79 30
34 79 12
17 80 284
19 80 1917
21 80 3397
23 80 3177
27 80 835
29 80 204
31 80 105
33 80 10
14 81 5
16 81 204
17 81 225
19 81 1300
20 81 7076
22 81 2153
23 81 2027
25 81 2696
26 81 1658
28 81 935
29 81 525
31 81 112
32 81 146
35 81 8
15 82 9
17 82 388
19 82 4133
21 82 2333
23 82 3643
25 82 2364
27 82 1041
31 82 288
35 82 10
15 83 6
16 83 43
17 83 573
18 83 1315
19 83 3625
20 83 3166
21 83 4740
22 83 7244
23 83 4012
24 83 6644
25 83 5152
26 83 2434
27 83 1813
28 83 1936
29 83 854
30 83 628
31 83 650
35 83 30
36 83 8
17 84 123
19 84 415
23 84 1014
29 84 755
31 84 204
16 85 4
18 85 804
19 85 1612
21 85 6239
22 85 882
23 85 1321
24 85 1411
26 85 4096
27 85 1619
28 85 1414
29 85 1374
31 85 260
37 85 8
15 86 1
17 86 157
19 86 1099
21 86 3153
23 86 3488
25 86 940
27 86 1097
29 86 365
14 87 1
16 87 9
17 87 96
19 87 469
20 87 1017
22 87 2864
23 87 1153
25 87 5463
26 87 2451
28 87 2645
32 87 432
34 87 182
35 87 35
38 87 1
17 88 13
19 88 391
21 88 1739
23 88 2934
27 88 957
31 88 275
35 88 35
16 89 3
17 89 50
18 89 181
19 89 651
20 89 1658
21 89 2012
22 89 1999
23 89 3099
24 89 3013
25 89 5622
26 89 3383
27 89 3522
28 89 2790
29 89 616
30 89 1389
31 89 326
33 89 203
34 89 288
35 89 106
38 89 14
39 89 1
17 90 16
19 90 288
23 90 1737
29 90 594
17 91 1
18 91 79
19 91 164
20 91 970
22 91 836
23 91 2074
24 91 876
25 91 1563
27 91 1380
29 91 2285
30 91 1957
32 91 609
37 91 95
40 91 2
17 92 4
19 92 58
21 92 513
25 92 2517
27 92 1347
31 92 369
33 92 407
35 92 140
39 92 10
19 93 116
20 93 217
22 93 1541
25 93 1260
26 93 1476
28 93 2145
29 93 928
35 93 198
40 93 4
41 93 1
17 94 1
19 94 53
21 94 675
23 94 1731
25 94 2247
27 94 1666
29 94 1430
31 94 506
18 95 2
21 95 493
22 95 351
24 95 985
28 95 2684
29 95 1125
31 95 1214
34 95 329
41 95 8
19 96 19
35 96 203
37 96 105
18 97 3
19 97 4
20 97 65
21 97 183
23 97 460
24 97 576
26 97 1011
28 97 1229
29 97 2473
30 97 957
31 97 766
32 97 1080
35 97 330
40 97 20
42 97 4
43 97 1
19 99 1
20 99 16
29 99 1120
31 99 913
32 99 518
43 99 4
1 2 34566
1 3 570313
1 4 535756
1 5 51517
2 5 9555
1 6 1018
1 7 11
2 7 329093
3 7 801
3 8 10635
2 9 110088
4 9 152
3 10 98186
2 11 3865
3 11 246854
4 11 25813
5 11 63
5 12 410
2 13 72
3 13 116758
4 13 105695
5 13 7662
6 13 7
3 14 22479
5 14 15303
2 15 1
4 15 84764
3 16 2293
5 16 42831
7 16 26
3 17 474
4 17 92126
5 17 116894
6 17 14428
7 17 348
5 18 76354
7 18 1045
3 19 75
4 19 23908
5 19 130287
6 19 45557
7 19 5087
8 19 193
3 20 6
7 20 4185
4 21 2698
5 21 55423
8 21 1791
5 22 29063
7 22 11956
9 22 205
4 23 217
5 23 30516
6 23 77171
7 23 49243
8 23 10906
9 23 1390
10 23 27
5 24 9046
7 24 17576
4 25 29
6 25 42712
7 25 50399
8 25 17542
9 25 5761
11 25 2
5 26 2647
7 26 27192
9 26 5310
11 26 45
4 27 2
5 27 1049
7 27 47589
8 27 42469
10 27 4994
11 27 198
5 28 469
9 28 6093
11 28 406
4 29 1
5 29 105
6 29 11456
7 29 52009
8 29 36529
9 29 25751
10 29 9956
11 29 1253
12 29 196
13 29 1
7 30 7488
11 30 429
13 30 6
5 31 33
6 31 3409
7 31 25126
8 31 46924
9 31 33400
10 31 18276
11 31 4895
12 31 1083
13 31 93
5 32 7
7 32 9955
9 32 23477
11 32 5584
13 32 220
7 33 7761
8 33 16785
10 33 15800
13 33 356
14 33 32
7 34 4127
9 34 17694
11 34 8841
13 34 731
15 34 3
6 35 50
8 35 13042
9 35 25798
11 35 11048
12 35 3559
13 35 1029
7 36 710
11 36 7209
13 36 909
6 37 52
7 37 1186
8 37 10981
9 37 31345
10 37 50732
11 37 19459
12 37 10396
13 37 6383
14 37 1266
15 37 376
16 37 7
7 38 406
9 38 15922
11 38 14214
13 38 2813
15 38 474
7 39 145
8 39 2697
10 39 29118
11 39 18708
14 39 2124
16 39 141
17 39 1
7 40 46
9 40 5049
11 40 17752
13 40 7248
7 41 38
8 41 1775
9 41 10989
10 41 36623
11 41 34480
12 41 23272
13 41 14146
14 41 8670
15 41 3686
16 41 572
17 41 166
18 41 2
11 42 12571
13 42 5120
17 42 85
19 42 1
7 43 87
8 43 485
9 43 5828
10 43 24939
11 43 30489
12 43 31917
13 43 18745
14 43 9564
15 43 7018
16 43 1814
17 43 388
18 43 111
19 43 6
7 44 19
9 44 1964
13 44 12989
15 44 5884
17 44 280
19 44 6
7 45 9
8 45 39
11 45 10970
13 45 10800
14 45 7677
16 45 1887
17 45 854
19 45 41
7 46 2
9 46 1167
11 46 11965
13 46 10157
15 46 4994
17 46 555
19 46 19
7 47 1
8 47 15
9 47 898
10 47 9056
11 47 17522
12 47 19983
13 47 31259
14 47 15545
15 47 12762
16 47 3774
17 47 1706
18 47 830
19 47 176
20 47 24
11 48 5134
13 48 10724
17 48 2308
19 48 85
8 49 31
9 49 139
10 49 4803
11 49 11588
12 49 21011
13 49 17607
15 49 13243
16 49 5012
17 49 3394
18 49 1807
19 49 481
20 49 166
9 50 36
11 50 4065
13 50 6536
17 50 328
19 50 35
8 51 38
10 51 1721
11 51 4382
13 51 14337
14 51 15770
16 51 5177
19 51 1078
20 51 373
22 51 8
9 52 5
11 52 2856
15 52 15577
17 52 2909
19 52 1192
21 52 100
9 53 23
10 53 736
11 53 4304
12 53 13094
13 53 21050
14 53 29317
15 53 32938
16 53 16026
17 53 11829
18 53 4150
19 53 2352
20 53 1709
21 53 362
22 53 102
23 53 8
11 54 1445
13 54 8410
17 54 3599
19 54 860
23 54 25
9 55 21
12 55 5440
13 55 11191
14 55 16481
16 55 7826
17 55 7207
18 55 4568
19 55 3131
21 55 261
23 55 26
24 55 4
9 56 9
11 56 678
13 56 5013
15 56 5674
17 56 4091
19 56 1799
23 56 40
10 57 16
11 57 545
13 57 4898
14 57 10498
16 57 8858
17 57 7042
20 57 959
22 57 330
23 57 91
11 58 236
13 58 6095
15 58 6918
17 58 5105
19 58 2542
21 58 619
23 58 35
25 58 1
9 59 2
10 59 5
11 59 233
12 59 2354
13 59 7824
14 59 15325
15 59 17370
16 59 16403
17 59 12634
18 59 9164
19 59 5586
20 59 3458
21 59 1621
22 59 934
23 59 200
24 59 109
25 59 19
26 59 1
11 60 28
13 60 971
17 60 2485
19 60 1473
23 60 189
9 61 2
10 61 30
11 61 43
12 61 1061
13 61 3776
14 61 10611
15 61 14021
16 61 14133
17 61 15475
18 61 14438
19 61 6851
20 61 4727
21 61 2449
22 61 1730
23 61 546
24 61 162
25 61 115
26 61 10
27 61 1
11 62 30
13 62 2299
15 62 6352
17 62 7078
19 62 5375
21 62 1683
23 62 531
25 62 60
27 62 2
10 63 1
11 63 10
13 63 1308
16 63 9305
17 63 11363
19 63 5566
20 63 4169
22 63 1260
23 63 323
25 63 105
26 63 30
11 64 7
13 64 1000
15 64 4560
17 64 8803
19 64 4568
21 64 2195
23 64 1304
25 64 95
27 64 10
11 65 1
12 65 93
14 65 4693
16 65 9394
17 65 8564
18 65 12131
19 65 8054
21 65 4107
22 65 2855
23 65 767
24 65 575
27 65 40
28 65 6
29 65 1
13 66 534
17 66 4695
19 66 6593
23 66 1085
25 66 125
11 67 12
12 67 26
13 67 591
14 67 3850
15 67 5738
16 67 12826
17 67 10868
18 67 16417
19 67 14436
20 67 10205
21 67 7538
22 67 4629
23 67 2447
24 67 1622
25 67 561
26 67 279
27 67 135
28 67 60
29 67 2
11 68 3
13 68 137
15 68 2003
19 68 7606
21 68 4798
23 68 1378
25 68 336
27 68 50
29 68 15
13 69 90
14 69 1073
16 69 4962
17 69 9371
19 69 4228
20 69 6255
22 69 3402
25 69 702
26 69 183
28 69 50
29 69 16
13 70 44
17 70 3620
19 70 2467
23 70 957
29 70 15
11 71 1
13 71 63
14 71 738
15 71 2041
16 71 5892
17 71 11060
18 71 17344
19 71 11381
20 71 12248
21 71 8836
22 71 5792
23 71 3711
24 71 2840
25 71 1725
26 71 1243
27 71 554
28 71 171
29 71 29
30 71 10
31 71 4
13 72 13
17 72 3554
19 72 6620
23 72 1197
25 72 492
29 72 35
12 73 28
13 73 8
14 73 237
15 73 944
16 73 4658
17 73 5867
18 73 11004
19 73 15348
20 73 11596
21 73 10966
22 73 9507
23 73 5926
24 73 3851
25 73 1391
26 73 1269
27 73 781
28 73 511
29 73 152
30 73 35
31 73 16
13 74 2
15 74 460
17 74 4422
19 74 7347
21 74 3496
23 74 5143
25 74 193
27 74 732
29 74 91
31 74 10
14 75 21
16 75 1286
17 75 1667
19 75 3446
22 75 6513
23 75 3148
26 75 165
28 75 222
29 75 84
31 75 25
32 75 19
15 76 135
17 76 2252
21 76 3212
23 76 4136
25 76 2093
27 76 459
29 76 126
31 76 65
33 76 5
12 77 2
15 77 180
16 77 969
17 77 2492
18 77 5328
19 77 3979
20 77 10064
23 77 6093
24 77 2293
25 77 3861
26 77 1718
27 77 831
29 77 252
30 77 35
31 77 35
32 77 30
34 77 1
17 78 1713
19 78 3474
23 78 1822
25 78 1850
29 78 35
31 78 56
14 79 9
15 79 80
16 79 377
17 79 1492
18 79 4959
19 79 6725
20 79 9562
21 79 9369
22 79 12738
23 79 5673
24 79 7030
25 79 3293
26 79 1765
27 79 3110
28 79 1881
29 79 614
30 79 266
31 79 91
32 79 20
33 79 30
34 79 7
35 79 1
13 80 2
17 80 314
19 80 1861
21 80 2198
23 80 4699
27 80 786
29 80 222
31 80 105
33 80 15
14 81 2
16 81 248
17 81 558
19 81 2508
20 81 5531
22 81 3582
23 81 5214
25 81 2688
26 81 2323
28 81 1298
29 81 637
31 81 140
32 81 50
34 81 20
35 81 6
15 82 10
17 82 545
19 82 3096
21 82 3420
23 82 4166
25 82 1630
27 82 1375
31 82 297
35 82 5
14 83 1
15 83 9
16 83 52
17 83 511
18 83 1665
19 83 3450
20 83 5357
21 83 7535
22 83 7280
23 83 8217
24 83 8827
25 83 4943
26 83 2879
27 83 2923
28 83 2901
29 83 1033
30 83 625
31 83 616
34 83 20
35 83 15
36 83 2
17 84 138
19 84 591
23 84 892
29 84 656
31 84 126
16 85 14
18 85 931
19 85 1073
21 85 4976
22 85 2635
23 85 3036
24 85 3364
26 85 3094
27 85 2585
28 85 2000
29 85 1338
31 85 315
32 85 196
33 85 140
36 85 10
37 85 2
17 86 122
19 86 1111
21 86 3774
23 86 3910
25 86 1451
27 86 713
29 86 1180
33 86 84
14 87 3
16 87 9
17 87 48
19 87 903
20 87 2304
22 87 3372
23 87 2317
25 87 4419
26 87 2777
28 87 2751
31 87 250
32 87 466
34 87 70
35 87 91
17 88 34
19 88 528
21 88 1282
23 88 3597
25 88 887
27 88 511
31 88 330
35 88 35
37 88 10
16 89 2
17 89 44
18 89 189
19 89 551
20 89 2718
21 89 2567
22 89 4639
23 89 3543
24 89 4713
25 89 5415
26 89 4418
27 89 4759
28 89 3712
29 89 1479
30 89 1153
31 89 656
32 89 220
33 89 126
34 89 392
35 89 90
36 89 35
37 89 20
38 89 6
17 90 27
19 90 415
23 90 1052
29 90 645
31 90 637
17 91 3
18 91 138
19 91 170
20 91 886
22 91 2179
23 91 4566
24 91 3438
25 91 2716
27 91 2995
29 91 1262
30 91 1253
31 91 208
32 91 865
33 91 99
36 91 35
37 91 45
17 92 2
19 92 145
21 92 271
25 92 3092
27 92 928
29 92 696
31 92 308
33 92 252
35 92 70
37 92 35
39 92 5
17 93 1
19 93 218
20 93 428
22 93 2116
23 93 915
25 93 2106
26 93 1155
28 93 2884
29 93 2295
32 93 215
35 93 222
38 93 20
40 93 1
41 93 1
17 94 2
19 94 97
21 94 410
23 94 1097
25 94 1714
27 94 1578
29 94 2184
31 94 495
33 94 640
18 95 2
21 95 282
22 95 632
23 95 479
24 95 1196
26 95 482
28 95 1716
29 95 795
31 95 1235
32 95 211
33 95 155
34 95 589
41 95 2
42 95 1
19 96 12
23 96 161
35 96 126
37 96 105
18 97 2
19 97 12
20 97 56
21 97 135
22 97 308
23 97 680
24 97 1025
25 97 1186
26 97 1064
28 97 1200
29 97 1498
30 97 597
31 97 458
32 97 1028
33 97 214
34 97 161
35 97 594
40 97 15
42 97 1
43 97 1
19 99 2
20 99 10
23 99 215
25 99 560
26 99 543
29 99 915
31 99 510
32 99 635
34 99 215
35 99 129
43 99 1
1 2 40047
1 3 516427
1 4 626514
1 5 56167
2 5 3812
1 6 1859
1 7 43
2 7 352626
3 7 1570
1 8 1
3 8 12366
2 9 121775
4 9 227
3 10 99345
2 11 5173
3 11 251311
4 11 19376
5 11 28
5 12 297
2 13 95
3 13 108230
4 13 99504
5 13 7138
6 13 7
3 14 23455
5 14 7441
4 15 91634
3 16 1830
5 16 38114
7 16 10
3 17 438
4 17 93639
5 17 96373
6 17 18260
7 17 484
5 18 71899
7 18 801
3 19 64
4 19 17994
5 19 111718
6 19 52218
7 19 4892
8 19 154
3 20 3
7 20 3592
9 20 1
4 21 1438
5 21 39489
8 21 1748
5 22 18815
7 22 20093
9 22 245
4 23 143
5 23 17376
6 23 90233
7 23 41035
8 23 10100
9 23 1189
10 23 13
5 24 4102
7 24 22814
4 25 48
6 25 41073
7 25 35117
8 25 16234
9 25 5770
11 25 7
5 26 1621
7 26 36072
9 26 7326
11 26 27
4 27 1
5 27 420
7 27 49054
8 27 30974
10 27 1827
11 27 362
5 28 155
9 28 13785
11 28 549
5 29 55
6 29 9391
7 29 49147
8 29 44354
9 29 32364
10 29 5937
11 29 1513
12 29 151
13 29 1
7 30 4201
11 30 1140
5 31 82
6 31 2382
7 31 26124
8 31 44125
9 31 44132
10 31 12430
11 31 6361
12 31 883
13 31 51
14 31 2
5 32 4
7 32 10266
9 32 20018
11 32 5322
13 32 235
5 33 1
7 33 5349
8 33 27590
10 33 11347
13 33 281
14 33 16
7 34 2612
9 34 20695
11 34 7216
13 34 776
6 35 17
8 35 10428
9 35 24339
11 35 9521
12 35 4753
13 35 1392
7 36 984
11 36 11190
13 36 1320
6 37 19
7 37 618
8 37 8927
9 37 34954
10 37 41045
11 37 29659
12 37 15343
13 37 4975
14 37 1169
15 37 196
16 37 14
7 38 239
9 38 14419
11 38 17646
13 38 4758
15 38 357
17 38 2
7 39 127
8 39 2826
10 39 20580
11 39 22628
14 39 2090
16 39 71
17 39 7
7 40 11
9 40 3405
11 40 13109
13 40 5187
17 40 15
7 41 18
8 41 1674
9 41 9903
10 41 32075
11 41 35959
12 41 28434
13 41 14763
14 41 6504
15 41 2223
16 41 741
17 41 151
18 41 8
11 42 15052
13 42 7022
17 42 126
7 43 9
8 43 495
9 43 4793
10 43 23130
11 43 31929
12 43 27306
13 43 19590
14 43 10217
15 43 4960
16 43 1725
17 43 432
18 43 102
19 43 3
7 44 12
9 44 1537
13 44 15310
15 44 3035
17 44 648
19 44 16
8 45 51
11 45 7238
13 45 7878
14 45 3315
16 45 1313
17 45 684
19 45 35
7 46 2
9 46 1038
11 46 12502
13 46 13244
15 46 4090
17 46 722
19 46 22
8 47 22
9 47 679
10 47 5275
11 47 17818
12 47 28078
13 47 27217
14 47 19590
15 47 8369
16 47 4850
17 47 2270
18 47 729
19 47 166
20 47 21
11 48 8201
13 48 11288
17 48 1602
19 48 91
8 49 17
9 49 294
10 49 2945
11 49 10052
12 49 20449
13 49 23540
15 49 10514
16 49 6031
17 49 3717
18 49 1463
19 49 337
20 49 61
9 50 33
11 50 2170
13 50 7154
17 50 654
8 51 4
10 51 922
11 51 4724
13 51 16823
14 51 17737
16 51 6775
19 51 707
20 51 166
22 51 10
9 52 25
11 52 2945
15 52 8081
17 52 5366
19 52 1200
21 52 46
23 52 2
9 53 15
10 53 637
11 53 3575
12 53 15169
13 53 27723
14 53 28255
15 53 25346
16 53 12334
17 53 10862
18 53 7853
19 53 2738
20 53 757
21 53 413
22 53 51
23 53 10
11 54 1030
13 54 8007
17 54 7303
19 54 1698
23 54 11
9 55 3
12 55 4914
13 55 10586
14 55 16376
16 55 11937
17 55 9292
18 55 8061
19 55 3715
21 55 441
23 55 50
24 55 11
9 56 6
11 56 527
13 56 6494
15 56 3471
17 56 5168
19 56 1243
23 56 30
10 57 25
11 57 359
13 57 8067
14 57 11791
16 57 11071
17 57 9422
20 57 1202
22 57 226
23 57 70
25 57 1
9 58 2
11 58 124
13 58 4167
15 58 5609
17 58 7173
19 58 2232
21 58 330
23 58 55
25 58 5
10 59 14
11 59 190
12 59 1845
13 59 6228
14 59 15997
15 59 14747
16 59 16470
17 59 13665
18 59 10455
19 59 6502
20 59 3948
21 59 1761
22 59 993
23 59 195
24 59 16
25 59 16
26 59 1
11 60 18
13 60 853
17 60 5138
19 60 2377
23 60 285
9 61 1
10 61 26
11 61 43
12 61 1159
13 61 3672
14 61 12454
15 61 17033
16 61 19603
17 61 20831
18 61 12972
19 61 5724
20 61 5122
21 61 2343
22 61 2061
23 61 823
24 61 265
25 61 30
26 61 31
27 61 2
11 62 27
13 62 1647
15 62 4926
17 62 5757
19 62 5133
21 62 1655
23 62 584
25 62 70
10 63 4
11 63 16
13 63 980
16 63 9659
17 63 8211
19 63 4551
20 63 1915
22 63 1621
23 63 131
25 63 35
26 63 20
11 64 4
13 64 907
15 64 6540
17 64 7380
19 64 2457
21 64 1823
23 64 993
25 64 139
27 64 25
11 65 5
12 65 75
14 65 3182
16 65 9638
17 65 11589
18 65 9458
19 65 9254
21 65 3276
22 65 2610
23 65 1525
24 65 821
27 65 20
28 65 6
13 66 190
17 66 4895
19 66 2827
23 66 1556
25 66 70
29 66 2
11 67 52
12 67 39
13 67 492
14 67 3241
15 67 5796
16 67 13519
17 67 13217
18 67 15900
19 67 14468
20 67 8495
21 67 6000
22 67 5441
23 67 3541
24 67 1233
25 67 564
26 67 416
27 67 85
28 67 30
29 67 9
11 68 4
13 68 125
15 68 2972
19 68 4548
21 68 4549
23 68 1355
25 68 185
27 68 126
29 68 20
11 69 12
13 69 92
14 69 1192
16 69 5689
17 69 9619
19 69 7381
20 69 5930
22 69 3603
25 69 807
26 69 537
28 69 121
11 70 3
13 70 15
17 70 2999
19 70 4705
23 70 1129
12 71 1
13 71 79
14 71 757
15 71 1394
16 71 5968
17 71 12384
18 71 11514
19 71 10552
20 71 9629
21 71 11487
22 71 8429
23 71 4330
24 71 1897
25 71 768
26 71 1525
27 71 449
28 71 330
29 71 15
30 71 15
31 71 6
13 72 10
17 72 3191
19 72 3790
23 72 439
25 72 449
29 72 80
31 72 5
11 73 1
12 73 10
13 73 27
14 73 271
15 73 836
16 73 4560
17 73 7369
18 73 11983
19 73 13513
20 73 6678
21 73 14811
22 73 12264
23 73 5014
24 73 1825
25 73 2250
26 73 1301
27 73 676
28 73 337
29 73 217
30 73 15
32 73 5
13 74 1
15 74 246
17 74 2673
19 74 6852
21 74 3955
23 74 2735
25 74 1653
27 74 709
29 74 70
33 74 1
13 75 3
14 75 29
16 75 1164
17 75 1924
19 75 4163
22 75 4879
23 75 1000
26 75 624
28 75 382
29 75 196
31 75 20
32 75 6
13 76 1
15 76 244
17 76 2568
21 76 2624
23 76 961
25 76 2171
29 76 194
31 76 50
13 77 1
15 77 125
16 77 1105
17 77 3114
18 77 5308
19 77 5361
20 77 10106
23 77 3447
24 77 1817
25 77 2620
26 77 3504
27 77 1278
29 77 280
30 77 70
31 77 35
32 77 25
34 77 1
17 78 801
19 78 2116
23 78 2514
25 78 1451
29 78 105
31 78 70
13 79 3
14 79 5
15 79 74
16 79 538
17 79 1765
18 79 5048
19 79 8238
20 79 8480
21 79 9738
22 79 12519
23 79 6267
24 79 6001
25 79 2463
26 79 2923
27 79 3025
28 79 2118
29 79 536
31 79 155
33 79 40
34 79 5
35 79 2
13 80 10
17 80 298
19 80 1617
21 80 4204
23 80 4452
29 80 229
31 80 125
33 80 5
14 81 2
16 81 279
17 81 659
19 81 4416
20 81 6016
22 81 6937
23 81 4458
25 81 2891
26 81 2231
28 81 1828
29 81 439
32 81 15
34 81 15
35 81 1
15 82 6
17 82 223
19 82 836
21 82 3991
23 82 2957
25 82 2639
27 82 1079
29 82 589
31 82 289
14 83 1
15 83 7
16 83 152
17 83 745
18 83 2547
19 83 4617
20 83 7184
21 83 7274
22 83 6897
23 83 9801
24 83 6111
25 83 6593
26 83 2566
27 83 2218
28 83 2993
29 83 1191
30 83 439
31 83 252
32 83 184
33 83 75
34 83 50
35 83 5
36 83 10
37 83 1
17 84 74
19 84 622
23 84 513
25 84 265
16 85 11
18 85 997
19 85 1341
21 85 3993
22 85 5525
23 85 4210
24 85 4776
26 85 1371
27 85 2166
28 85 1604
29 85 1284
31 85 99
32 85 196
33 85 306
36 85 5
17 86 30
19 86 626
21 86 2576
23 86 5370
25 86 1029
29 86 1388
31 86 408
33 86 125
14 87 25
16 87 11
17 87 67
19 87 928
20 87 3042
22 87 4742
23 87 4309
25 87 2434
26 87 3008
28 87 2593
31 87 575
32 87 466
35 87 105
17 88 20
19 88 538
21 88 1976
23 88 2605
25 88 1917
27 88 381
29 88 654
31 88 364
35 88 35
37 88 15
16 89 2
17 89 16
18 89 174
19 89 357
20 89 3265
21 89 2871
22 89 6181
23 89 5377
24 89 6269
25 89 4335
26 89 4046
27 89 3761
28 89 3892
29 89 1348
30 89 671
31 89 1115
32 89 524
33 89 117
34 89 336
35 89 140
36 89 35
37 89 15
39 89 2
17 90 9
19 90 124
23 90 1115
31 90 642
17 91 5
18 91 142
19 91 272
20 91 514
22 91 3695
23 91 4891
24 91 4581
25 91 4449
27 91 2899
29 91 1791
30 91 1001
31 91 639
32 91 658
33 91 231
36 91 35
17 92 1
19 92 183
21 92 601
25 92 2668
29 92 765
35 92 250
37 92 35
39 92 10
17 93 3
19 93 176
20 93 450
22 93 3055
23 93 2663
25 93 3576
26 93 2696
28 93 2192
29 93 2895
32 93 807
35 93 126
38 93 15
19 94 42
21 94 262
25 94 1530
29 94 1542
33 94 619
35 94 49
18 95 4
21 95 141
22 95 658
23 95 1138
24 95 874
26 95 1156
27 95 240
28 95 1675
29 95 1008
31 95 860
32 95 646
33 95 531
34 95 558
37 95 120
42 95 1
19 96 1
23 96 448
25 96 335
37 96 125
41 96 10
18 97 4
19 97 9
20 97 1
21 97 84
22 97 762
23 97 687
24 97 1176
25 97 1726
26 97 1498
27 97 235
28 97 1542
29 97 1799
32 97 845
33 97 695
34 97 436
35 97 559
38 97 110
42 97 5
20 99 5
23 99 330
25 99 776
26 99 915
28 99 270
29 99 271
34 99 487
35 99 362
1 2 462
1 3 290135
1 4 713407
1 5 62695
2 5 19673
1 6 1560
1 7 50
2 7 389684
3 7 1399
1 8 1
3 8 7006
2 9 123439
4 9 10
3 10 70144
2 11 4702
3 11 233879
4 11 18667
5 11 29
5 12 530
2 13 104
3 13 110705
4 13 119834
5 13 4942
6 13 1
3 14 25545
5 14 9699
2 15 1
4 15 98400
3 16 2891
5 16 42934
7 16 30
3 17 537
4 17 100637
5 17 105266
6 17 18364
7 17 712
5 18 50572
7 18 1526
3 19 137
4 19 23305
5 19 103814
6 19 57410
7 19 9982
8 19 86
3 20 7
7 20 5329
4 21 2533
5 21 28113
8 21 1720
5 22 25839
7 22 22222
9 22 263
4 23 443
5 23 25987
6 23 79704
7 23 43791
8 23 12568
9 23 1131
10 23 11
5 24 4489
7 24 20134
4 25 20
6 25 52243
7 25 61252
8 25 17566
9 25 5913
11 25 3
5 26 1100
7 26 48893
9 26 6887
11 26 32
4 27 2
5 27 627
7 27 40471
8 27 24427
10 27 2734
11 27 346
5 28 148
9 28 20068
11 28 391
5 29 85
6 29 9707
7 29 53010
8 29 47343
9 29 30556
10 29 10284
11 29 2173
12 29 102
13 29 2
7 30 11112
11 30 776
5 31 59
6 31 2658
7 31 26491
8 31 46815
9 31 42079
10 31 15776
11 31 6951
12 31 1069
13 31 61
14 31 1
5 32 1
7 32 9227
9 32 28588
11 32 2299
13 32 240
5 33 3
7 33 5854
8 33 13275
10 33 17353
13 33 246
14 33 31
7 34 3093
9 34 24070
11 34 7402
13 34 535
6 35 47
8 35 14613
9 35 31845
11 35 15955
12 35 4949
13 35 1063
7 36 1009
11 36 2585
13 36 948
6 37 40
7 37 837
8 37 10380
9 37 27802
10 37 43098
11 37 31369
12 37 16871
13 37 4786
14 37 1625
15 37 191
16 37 19
7 38 296
9 38 10452
11 38 16964
13 38 2366
15 38 335
7 39 174
8 39 2268
10 39 18508
11 39 18653
14 39 2831
16 39 85
17 39 12
7 40 42
9 40 6283
11 40 15193
13 40 6041
17 40 10
7 41 14
8 41 1550
9 41 9202
10 41 31220
11 41 38389
12 41 26160
13 41 14361
14 41 8930
15 41 2345
16 41 588
17 41 121
18 41 3
11 42 11671
13 42 5181
17 42 70
7 43 6
8 43 221
9 43 4123
10 43 20801
11 43 31447
12 43 34359
13 43 21961
14 43 12653
15 43 4315
16 43 1722
17 43 406
18 43 75
19 43 4
7 44 7
9 44 1069
13 44 8823
15 44 2379
17 44 224
19 44 1
8 45 53
11 45 9495
13 45 3935
14 45 4728
16 45 750
17 45 141
19 45 20
7 46 1
9 46 448
11 46 5869
13 46 17094
15 46 2115
17 46 760
19 46 40
8 47 12
9 47 689
10 47 5557
11 47 15318
12 47 29018
13 47 30097
14 47 22254
15 47 11025
16 47 5399
17 47 1372
18 47 448
19 47 186
20 47 25
11 48 1506
13 48 9873
17 48 1809
8 49 2
9 49 121
10 49 2645
11 49 8651
12 49 18386
13 49 21255
15 49 12971
16 49 6802
17 49 3614
18 49 1120
19 49 413
20 49 126
9 50 49
11 50 2571
13 50 9106
17 50 1969
19 50 336
21 50 20
8 51 2
10 51 481
11 51 3074
13 51 9199
14 51 14806
16 51 5774
19 51 729
20 51 105
22 51 2
9 52 7
11 52 1865
15 52 5251
17 52 2152
19 52 537
21 52 105
8 53 1
9 53 12
10 53 374
11 53 2940
12 53 11661
13 53 22793
14 53 29213
15 53 22850
16 53 19932
17 53 11481
18 53 6188
19 53 2753
20 53 722
21 53 422
22 53 41
23 53 7
11 54 486
13 54 3625
17 54 2674
19 54 960
23 54 6
9 55 3
12 55 6462
13 55 12653
14 55 24122
16 55 18535
17 55 13473
18 55 9228
19 55 3691
21 55 1107
23 55 31
24 55 6
9 56 8
11 56 623
13 56 4030
15 56 7902
17 56 9190
19 56 2124
23 56 15
25 56 1
10 57 14
11 57 416
13 57 4877
14 57 16219
16 57 9571
17 57 11744
20 57 1741
22 57 216
23 57 65
25 57 5
9 58 1
11 58 210
13 58 3744
15 58 9120
17 58 8022
19 58 3928
21 58 826
23 58 50
10 59 10
11 59 123
12 59 1898
13 59 6008
14 59 14042
15 59 17079
16 59 18899
17 59 21525
18 59 13598
19 59 9068
20 59 3955
21 59 2193
22 59 776
23 59 260
24 59 45
25 59 20
26 59 2
11 60 16
13 60 814
17 60 4758
10 61 7
11 61 37
12 61 780
13 61 2614
14 61 8228
15 61 17062
16 61 20792
17 61 18619
18 61 16354
19 61 9317
20 61 7502
21 61 3674
22 61 1511
23 61 627
24 61 205
25 61 20
26 61 19
27 61 2
11 62 25
13 62 1240
15 62 6011
17 62 10250
19 62 5602
21 62 1769
23 62 497
25 62 15
10 63 5
11 63 24
13 63 782
16 63 8885
17 63 8665
19 63 6493
20 63 5910
22 63 1631
23 63 989
25 63 105
26 63 30
11 64 6
13 64 1010
15 64 4589
17 64 9714
19 64 5060
21 64 3447
23 64 554
25 64 140
27 64 5
11 65 1
12 65 49
14 65 3028
16 65 10173
17 65 10119
18 65 10686
19 65 8416
21 65 5004
22 65 3442
23 65 1755
24 65 776
27 65 41
28 65 1
29 65 1
13 66 217
17 66 6419
19 66 3582
23 66 1168
25 66 126
11 67 11
12 67 21
13 67 218
14 67 2937
15 67 4110
16 67 9153
17 67 20808
18 67 13818
19 67 12927
20 67 12139
21 67 12551
22 67 4744
23 67 2845
24 67 2380
25 67 750
26 67 523
27 67 85
28 67 21
29 67 1
30 67 1
11 68 1
13 68 115
15 68 2433
19 68 8379
21 68 5268
23 68 1130
25 68 272
27 68 70
29 68 5
11 69 27
13 69 79
14 69 889
16 69 4725
17 69 7377
19 69 7611
20 69 7731
22 69 5946
25 69 875
26 69 576
28 69 59
29 69 15
11 70 1
13 70 18
17 70 3044
19 70 4167
23 70 1360
29 70 15
13 71 58
14 71 333
15 71 1144
16 71 4680
17 71 9176
18 71 14703
19 71 14094
20 71 11942
21 71 15069
22 71 6759
23 71 5267
24 71 4742
25 71 2045
26 71 1229
27 71 868
28 71 191
29 71 20
30 71 20
31 71 2
13 72 2
17 72 2219
19 72 6666
23 72 1918
25 72 1064
29 72 95
31 72 4
12 73 25
13 73 8
14 73 239
15 73 953
16 73 2926
17 73 5110
18 73 8739
19 73 14535
20 73 13686
21 73 14656
22 73 10673
23 73 9070
24 73 5681
25 73 1690
26 73 1799
27 73 719
28 73 447
29 73 133
30 73 46
31 73 4
32 73 6
13 74 3
15 74 287
17 74 2224
19 74 6617
21 74 4597
23 74 3466
25 74 1203
27 74 456
31 74 15
13 75 1
14 75 24
16 75 1325
17 75 2018
19 75 4893
22 75 8696
23 75 2600
26 75 2256
28 75 290
29 75 196
31 75 1
32 75 10
13 76 3
15 76 174
17 76 2577
21 76 7546
23 76 1429
25 76 2322
27 76 330
31 76 35
33 76 1
15 77 92
16 77 717
17 77 918
18 77 2201
19 77 4991
20 77 5469
23 77 4704
24 77 6375
25 77 1185
26 77 3597
27 77 2062
29 77 252
30 77 105
31 77 25
32 77 15
17 78 717
19 78 2360
23 78 3594
25 78 1329
29 78 161
31 78 70
13 79 1
14 79 8
15 79 65
16 79 397
17 79 1777
18 79 4813
19 79 4308
20 79 10646
21 79 7993
22 79 10307
23 79 6626
24 79 8165
25 79 178
26 79 442
27 79 5969
28 79 1672
29 79 1351
30 79 378
31 79 105
32 79 25
33 79 35
34 79 2
17 80 872
19 80 2771
21 80 4391
23 80 5824
27 80 691
29 80 329
31 80 70
33 80 5
14 81 1
16 81 95
17 81 236
19 81 2820
20 81 3640
22 81 6433
23 81 5528
25 81 4255
26 81 2779
28 81 2044
29 81 1032
31 81 196
32 81 70
35 81 5
13 82 1
15 82 2
17 82 314
19 82 1048
21 82 5480
23 82 4666
25 82 1148
27 82 541
29 82 715
31 82 84
15 83 1
16 83 106
17 83 84
18 83 1176
19 83 1479
20 83 5336
21 83 8144
22 83 4801
23 83 6833
24 83 9061
25 83 4393
26 83 3622
27 83 2973
28 83 3111
29 83 1939
30 83 824
31 83 405
32 83 511
33 83 206
34 83 20
36 83 5
17 84 104
19 84 530
23 84 1684
25 84 1483
16 85 4
18 85 528
19 85 508
21 85 3369
22 85 5544
23 85 3454
24 85 5503
26 85 2042
27 85 3047
28 85 2214
29 85 318
31 85 806
32 85 196
33 85 387
36 85 6
17 86 34
19 86 777
21 86 1168
23 86 4590
25 86 1794
27 86 1463
29 86 510
31 86 245
33 86 84
14 87 1
16 87 4
17 87 21
19 87 827
20 87 1333
22 87 3349
23 87 4670
25 87 5374
26 87 6907
28 87 959
31 87 941
32 87 539
34 87 35
35 87 70
38 87 1
17 88 30
19 88 881
21 88 1873
23 88 4157
25 88 5182
27 88 2930
29 88 1453
35 88 35
37 88 5
16 89 3
17 89 24
18 89 236
19 89 529
20 89 2547
21 89 1930
22 89 6174
24 89 2863
25 89 5580
26 89 1872
27 89 7287
28 89 894
29 89 1893
30 89 1896
31 89 901
32 89 968
33 89 778
34 89 266
35 89 70
36 89 50
37 89 15
17 90 3
19 90 57
23 90 1703
29 90 936
31 90 542
17 91 18
18 91 138
19 91 46
20 91 738
23 91 3620
24 91 1772
25 91 3445
27 91 3386
30 91 694
31 91 1241
32 91 330
33 91 1053
34 91 420
36 91 105
19 92 215
21 92 1300
25 92 4350
27 92 2465
29 92 1355
31 92 457
37 92 35
39 92 5
17 93 1
19 93 50
20 93 535
22 93 979
23 93 1612
25 93 1488
26 93 1713
28 93 3905
29 93 4610
34 93 889
35 93 126
38 93 15
40 93 5
25 94 1633
27 94 2092
29 94 1147
31 94 691
33 94 568
35 94 161
18 95 15
21 95 218
22 95 86
26 95 1617
27 95 1770
28 95 1695
29 95 1501
32 95 519
33 95 481
34 95 329
36 95 252
37 95 146
23 96 640
25 96 1519
29 96 281
41 96 5
18 97 6
19 97 12
20 97 32
21 97 75
22 97 731
27 97 1753
28 97 1272
29 97 1274
30 97 239
33 97 474
34 97 380
35 97 330
36 97 420
37 97 252
38 97 156
19 99 3
20 99 24
23 99 66
28 99 1519
29 99 1455
37 99 210
38 99 126
1 2 54264
1 3 533024
1 4 623259
1 5 51658
2 5 10966
1 6 1008
1 7 37
2 7 268692
3 7 319
1 8 1
3 8 13065
2 9 83427
4 9 109
3 10 65969
2 11 2289
3 11 174824
4 11 16296
5 11 7
5 12 177
2 13 2
3 13 79334
4 13 104186
5 13 4376
6 13 1
3 14 18460
5 14 12889
4 15 70173
3 16 944
5 16 37757
7 16 16
3 17 189
4 17 83088
5 17 92802
6 17 15508
7 17 684
5 18 67693
7 18 2198
3 19 31
4 19 17718
5 19 109683
6 19 52097
7 19 11782
8 19 494
7 20 9617
9 20 7
4 21 1305
5 21 31327
8 21 1007
5 22 16984
7 22 14142
9 22 167
4 23 98
5 23 19455
6 23 72403
7 23 39091
8 23 12138
9 23 1295
10 23 18
5 24 4070
7 24 29264
4 25 27
6 25 41395
7 25 64165
8 25 26384
9 25 2243
11 25 3
5 26 936
7 26 64859
9 26 3515
11 26 92
5 27 243
7 27 78326
8 27 46623
10 27 1296
11 27 327
5 28 61
9 28 5256
11 28 371
5 29 16
6 29 7103
7 29 50968
8 29 69678
9 29 26695
10 29 6594
11 29 2172
12 29 266
13 29 1
7 30 20302
11 30 1013
13 30 1
5 31 32
6 31 1496
7 31 26531
8 31 59528
9 31 38632
10 31 16815
11 31 2723
12 31 1125
13 31 47
5 32 4
7 32 12396
9 32 23864
11 32 3691
13 32 211
5 33 1
7 33 6947
8 33 29633
10 33 10601
13 33 481
14 33 25
7 34 4496
9 34 22355
11 34 7546
13 34 609
15 34 1
6 35 2
8 35 11973
9 35 22451
11 35 10092
12 35 4577
13 35 2016
7 36 1114
11 36 10462
13 36 1496
6 37 24
7 37 545
8 37 11626
9 37 26038
10 37 35856
11 37 31296
12 37 12404
13 37 5967
14 37 1855
15 37 317
16 37 37
7 38 266
9 38 12874
11 38 16602
13 38 4390
15 38 231
7 39 97
8 39 3308
10 39 19833
11 39 19882
14 39 4062
16 39 262
17 39 2
7 40 49
9 40 6587
11 40 16960
13 40 6365
17 40 11
7 41 21
8 41 1625
9 41 8016
10 41 31197
11 41 34830
12 41 23766
13 41 14552
14 41 8189
15 41 2289
16 41 713
17 41 66
18 41 5
11 42 3407
13 42 1726
17 42 50
7 43 12
8 43 421
9 43 4495
10 43 22901
11 43 27710
12 43 30661
13 43 20182
14 43 10076
15 43 4334
16 43 1829
17 43 406
18 43 66
19 43 3
7 44 2
9 44 1480
13 44 10959
15 44 3605
17 44 574
19 44 1
8 45 27
11 45 15022
13 45 13948
14 45 9306
16 45 2279
17 45 434
19 45 16
9 46 670
11 46 13000
13 46 17637
15 46 4441
17 46 563
19 46 31
8 47 20
9 47 866
10 47 7101
11 47 16361
12 47 22748
13 47 30460
14 47 14391
15 47 10449
16 47 7454
17 47 1969
18 47 679
19 47 96
20 47 14
21 47 1
11 48 6158
13 48 10375
17 48 1438
19 48 266
8 49 2
9 49 105
10 49 2153
11 49 6765
12 49 14413
13 49 23759
15 49 8372
16 49 6508
17 49 2291
18 49 917
19 49 371
20 49 95
9 50 65
11 50 4539
13 50 13304
17 50 2131
19 50 893
21 50 11
8 51 1
10 51 1048
11 51 3686
13 51 18690
14 51 22494
16 51 10103
19 51 434
20 51 246
22 51 1
9 52 7
11 52 3018
15 52 7915
17 52 5378
19 52 738
21 52 126
23 52 2
8 53 1
9 53 10
10 53 456
11 53 4190
12 53 10466
13 53 20166
14 53 39111
15 53 25380
16 53 22787
17 53 10041
18 53 3740
19 53 2185
20 53 1541
21 53 271
22 53 56
23 53 10
11 54 710
13 54 5901
17 54 6793
19 54 897
23 54 36
9 55 76
12 55 5023
13 55 19088
14 55 34690
16 55 18266
17 55 12664
18 55 7064
19 55 3878
21 55 701
23 55 81
24 55 5
11 56 411
13 56 5172
15 56 9458
17 56 6483
19 56 3177
23 56 55
10 57 23
11 57 508
13 57 6588
14 57 27648
16 57 29280
17 57 9308
20 57 1061
22 57 439
23 57 106
25 57 5
9 58 1
11 58 146
13 58 4437
15 58 7197
17 58 10235
19 58 3790
21 58 451
23 58 175
10 59 9
11 59 242
12 59 1601
13 59 8210
14 59 16388
15 59 18868
16 59 25812
17 59 16004
18 59 10485
19 59 7871
20 59 2816
21 59 1343
22 59 839
23 59 326
24 59 30
25 59 2
26 59 1
11 60 33
13 60 932
17 60 4044
19 60 1735
23 60 125
9 61 1
10 61 44
11 61 61
12 61 837
13 61 4226
14 61 9742
15 61 11613
16 61 19269
17 61 15833
18 61 11894
19 61 10926
20 61 6642
21 61 2070
22 61 1321
23 61 586
24 61 211
25 61 30
26 61 2
27 61 1
11 62 34
13 62 1304
15 62 4202
17 62 7348
19 62 4944
21 62 1358
23 62 350
25 62 35
27 62 5
11 63 2
13 63 1057
16 63 7666
17 63 8990
19 63 4088
20 63 3546
22 63 573
23 63 591
25 63 160
26 63 74
11 64 4
13 64 704
15 64 3141
17 64 12612
19 64 5104
21 64 1937
23 64 420
25 64 69
27 64 10
11 65 4
12 65 73
14 65 4414
16 65 12292
17 65 10286
18 65 11230
19 65 7051
21 65 3633
22 65 3112
23 65 658
24 65 215
27 65 9
28 65 5
29 65 1
13 66 238
17 66 7464
19 66 6686
23 66 447
25 66 125
11 67 31
12 67 19
13 67 529
14 67 3319
15 67 3777
16 67 15806
17 67 14912
18 67 17571
19 67 9775
20 67 11692
21 67 9715
22 67 4410
23 67 1608
24 67 930
25 67 589
26 67 623
27 67 85
28 67 15
29 67 10
30 67 1
11 68 11
13 68 102
15 68 1939
19 68 9679
21 68 3276
23 68 765
25 68 325
27 68 104
29 68 5
11 69 5
13 69 110
14 69 1368
16 69 3941
17 69 5753
19 69 10142
20 69 6219
22 69 5332
25 69 214
26 69 532
28 69 30
29 69 1
31 69 1
13 70 9
17 70 3796
19 70 5785
23 70 429
12 71 2
13 71 33
14 71 613
15 71 1769
16 71 6207
17 71 12187
18 71 15410
19 71 17191
20 71 11582
21 71 9289
22 71 9645
23 71 3533
24 71 1453
25 71 1632
26 71 842
27 71 518
28 71 175
29 71 50
30 71 15
31 71 10
32 71 1
17 72 2574
19 72 3042
23 72 2646
29 72 15
31 72 1
12 73 1
13 73 11
14 73 331
15 73 1126
16 73 4237
17 73 4272
18 73 15463
19 73 15700
20 73 14081
21 73 7595
22 73 10086
23 73 7940
24 73 3442
25 73 883
26 73 2562
27 73 834
28 73 413
29 73 85
30 73 35
31 73 21
13 74 3
15 74 326
17 74 3024
19 74 8012
21 74 3440
23 74 3791
25 74 669
27 74 181
29 74 35
31 74 5
13 75 3
14 75 45
16 75 1480
17 75 1991
19 75 5160
22 75 10692
23 75 2169
26 75 1677
28 75 84
29 75 344
13 76 1
15 76 110
17 76 1679
21 76 5719
23 76 6136
25 76 1233
27 76 165
29 76 125
31 76 15
33 76 1
15 77 75
16 77 724
17 77 2120
18 77 4777
19 77 6901
20 77 8846
23 77 3823
24 77 3645
25 77 1687
26 77 2987
27 77 1190
29 77 420
30 77 288
31 77 111
32 77 15
34 77 1
17 78 578
19 78 3581
23 78 1134
25 78 1587
29 78 313
13 79 2
14 79 9
15 79 50
16 79 585
17 79 2030
18 79 4129
19 79 6423
20 79 14237
21 79 9763
22 79 16322
23 79 6298
24 79 6805
25 79 4599
26 79 4176
27 79 2231
28 79 982
29 79 336
30 79 477
31 79 140
32 79 40
33 79 20
34 79 1
17 80 345
19 80 3835
21 80 2127
23 80 2575
33 80 20
13 81 1
14 81 1
16 81 165
17 81 431
19 81 2381
20 81 5851
22 81 5228
23 81 8208
25 81 2350
26 81 4225
28 81 943
29 81 165
32 81 140
15 82 4
17 82 318
19 82 1469
21 82 5118
23 82 1212
25 82 1275
27 82 1488
29 82 313
31 82 306
15 83 4
16 83 99
17 83 396
18 83 1587
19 83 3402
20 83 6752
21 83 5371
22 83 13718
23 83 8636
24 83 6925
25 83 4109
26 83 4170
27 83 4559
29 83 897
30 83 184
31 83 742
32 83 252
33 83 70
34 83 40
35 83 20
17 84 54
19 84 182
23 84 1460
25 84 911
29 84 487
31 84 209
37 84 1
16 85 12
18 85 726
19 85 1631
21 85 3752
22 85 7265
23 85 5114
24 85 6254
26 85 4427
27 85 4103
28 85 1822
31 85 35
32 85 406
33 85 140
17 86 83
19 86 416
21 86 250
23 86 4457
25 86 1770
27 86 681
29 86 791
33 86 306
14 87 24
16 87 6
17 87 74
19 87 503
20 87 2149
22 87 4844
23 87 7312
25 87 3147
26 87 5851
28 87 1712
31 87 682
34 87 210
17 88 13
19 88 451
23 88 5009
25 88 1636
27 88 2413
29 88 1416
31 88 164
37 88 10
39 88 2
17 89 24
18 89 278
19 89 501
20 89 1782
21 89 2287
22 89 7391
23 89 5176
24 89 2401
25 89 5327
26 89 4076
27 89 5552
28 89 2584
29 89 3277
30 89 477
32 89 685
33 89 399
34 89 196
35 89 70
37 89 35
17 90 2
19 90 78
23 90 1984
29 90 79
31 90 810
18 91 69
19 91 186
20 91 564
22 91 2171
23 91 4714
24 91 3661
25 91 2312
27 91 2244
29 91 1821
30 91 1300
32 91 328
33 91 685
34 91 28
36 91 70
37 91 15
38 91 55
40 91 1
17 92 2
19 92 53
21 92 11
25 92 3616
27 92 1329
29 92 254
31 92 1719
39 92 10
17 93 3
19 93 97
20 93 383
22 93 2239
23 93 2394
25 93 1560
26 93 2315
28 93 621
29 93 5108
34 93 686
37 93 35
17 94 1
19 94 6
23 94 733
29 94 1138
33 94 319
37 94 105
18 95 1
21 95 3
22 95 819
23 95 917
24 95 1384
26 95 1306
27 95 1896
31 95 927
33 95 485
37 95 140
19 96 3
25 96 1417
29 96 1018
31 96 252
41 96 5
19 97 10
20 97 41
21 97 3
22 97 307
23 97 652
24 97 1215
25 97 2726
26 97 47
27 97 1641
28 97 1196
30 97 1897
31 97 977
32 97 681
33 97 484
38 97 140
23 99 237
25 99 1400
26 99 1520
28 99 37
31 99 1052
32 99 853
1 2 17193
1 3 503125
1 4 443017
1 5 50034
2 5 14397
1 6 1412
1 7 42
2 7 409005
3 7 1444
3 8 8891
2 9 95264
4 9 100
3 10 89419
2 11 1763
3 11 222900
4 11 14229
5 11 7
5 12 50
2 13 52
3 13 100969
4 13 104450
5 13 5649
6 13 1
3 14 22930
5 14 5166
4 15 76569
3 16 2070
5 16 37198
7 16 43
3 17 517
4 17 89899
5 17 79641
6 17 14291
7 17 404
5 18 39520
7 18 1330
3 19 119
4 19 21858
5 19 116420
6 19 63976
7 19 9705
8 19 444
7 20 9283
9 20 7
4 21 1616
5 21 44001
8 21 1953
5 22 21041
7 22 13768
9 22 181
4 23 168
5 23 22266
6 23 72037
7 23 41847
8 23 10891
9 23 1479
10 23 11
5 24 3361
7 24 23040
4 25 7
6 25 48749
7 25 45629
8 25 23571
9 25 6217
11 25 12
5 26 1281
7 26 33415
9 26 8424
11 26 61
5 27 430
7 27 56556
8 27 53296
10 27 1783
11 27 263
5 28 54
9 28 27939
11 28 566
5 29 68
6 29 10035
7 29 56743
8 29 114374
9 29 58780
10 29 8646
11 29 3709
12 29 313
13 29 3
7 30 13973
11 30 643
13 30 6
5 31 9
6 31 1629
7 31 23004
8 31 51570
9 31 51859
10 31 17564
11 31 4442
12 31 763
13 31 112
14 31 1
5 32 1
7 32 7114
9 32 28003
11 32 3599
13 32 50
7 33 5035
8 33 27276
10 33 12808
13 33 221
14 33 12
7 34 3313
9 34 29958
11 34 8899
13 34 552
15 34 1
6 35 42
8 35 20204
9 35 28908
11 35 11194
12 35 4543
13 35 1580
7 36 467
11 36 5029
13 36 965
6 37 5
7 37 461
8 37 13439
9 37 33810
10 37 39648
11 37 29627
12 37 11993
13 37 4737
14 37 1589
15 37 336
16 37 17
7 38 281
9 38 18446
11 38 12294
13 38 3025
15 38 190
7 39 106
8 39 2973
10 39 18433
11 39 16058
14 39 2837
16 39 176
17 39 21
7 40 8
9 40 6824
11 40 15210
13 40 2840
7 41 23
8 41 1275
9 41 11207
10 41 33770
11 41 30119
12 41 26324
13 41 17893
14 41 6171
15 41 2441
16 41 500
17 41 101
18 41 4
11 42 9524
13 42 4630
17 42 35
7 43 1
8 43 243
9 43 4420
10 43 18300
11 43 32500
12 43 26385
13 43 18933
14 43 9496
15 43 4647
16 43 1075
17 43 230
18 43 27
19 43 1
9 44 1713
13 44 8673
15 44 3265
17 44 279
19 44 1
7 45 2
8 45 28
11 45 14601
13 45 14940
14 45 7798
16 45 1355
17 45 681
19 45 11
9 46 1021
11 46 9759
13 46 13008
15 46 5745
17 46 301
19 46 15
8 47 14
9 47 655
10 47 5554
11 47 15685
12 47 24600
13 47 22198
14 47 20698
15 47 8553
16 47 6701
17 47 2443
18 47 829
19 47 131
20 47 21
21 47 1
11 48 1823
13 48 2391
17 48 860
19 48 300
8 49 10
9 49 147
10 49 2673
11 49 8980
12 49 17495
13 49 20366
15 49 13222
16 49 7614
17 49 3119
18 49 1532
19 49 497
20 49 91
22 49 1
9 50 50
11 50 4084
13 50 8553
17 50 2162
19 50 105
21 50 10
10 51 737
11 51 4477
13 51 14078
14 51 15532
16 51 8385
19 51 454
20 51 271
22 51 6
9 52 5
11 52 1897
15 52 8580
17 52 2014
19 52 909
21 52 30
9 53 6
10 53 343
11 53 3521
12 53 12509
13 53 25293
14 53 20555
15 53 20400
16 53 19269
17 53 10469
18 53 8033
19 53 2926
20 53 822
21 53 212
22 53 101
23 53 8
11 54 834
13 54 5741
17 54 1851
19 54 780
9 55 2
12 55 4461
13 55 15765
14 55 16115
16 55 24677
17 55 12102
18 55 10384
19 55 3797
21 55 992
23 55 56
24 55 2
9 56 6
11 56 406
13 56 6543
15 56 10507
17 56 7736
19 56 2486
23 56 90
25 56 1
10 57 4
11 57 258
13 57 9660
14 57 14832
16 57 26386
17 57 12704
20 57 1732
22 57 323
23 57 106
25 57 6
11 58 256
13 58 5271
15 58 8896
17 58 6244
19 58 5489
21 58 783
23 58 350
25 58 15
10 59 1
11 59 109
12 59 1491
13 59 8539
14 59 15190
15 59 19807
16 59 21354
17 59 25702
18 59 22549
19 59 9197
20 59 4665
21 59 1219
22 59 1307
23 59 412
24 59 120
25 59 34
26 59 5
11 60 52
13 60 1098
17 60 2295
19 60 1677
23 60 272
11 61 25
12 61 720
13 61 3904
14 61 9822
15 61 20435
16 61 18369
17 61 22451
18 61 10422
19 61 10409
20 61 5799
21 61 2295
22 61 1398
23 61 448
24 61 190
25 61 70
26 61 8
11 62 17
13 62 1790
15 62 7498
17 62 10860
19 62 5175
21 62 1649
23 62 432
25 62 104
11 63 12
13 63 1126
16 63 10090
17 63 11633
19 63 4096
20 63 2022
22 63 1254
23 63 369
25 63 85
26 63 11
11 64 1
13 64 671
15 64 4229
17 64 7855
19 64 7437
21 64 2953
23 64 877
11 65 2
12 65 60
14 65 4071
16 65 11149
17 65 11966
18 65 13056
19 65 8778
21 65 3278
22 65 2195
23 65 892
24 65 687
27 65 6
28 65 1
13 66 422
17 66 4973
19 66 3120
23 66 947
25 66 161
11 67 31
12 67 56
13 67 456
14 67 3082
15 67 6060
16 67 12850
17 67 15657
18 67 16372
19 67 10476
20 67 8110
21 67 6724
22 67 4468
23 67 3449
24 67 1438
25 67 560
26 67 361
27 67 150
28 67 15
29 67 6
11 68 12
13 68 88
15 68 1987
19 68 8012
21 68 4894
23 68 2190
25 68 604
27 68 105
29 68 5
11 69 1
13 69 112
14 69 1048
16 69 4835
17 69 6143
19 69 9093
20 69 7078
22 69 3671
25 69 29
26 69 812
28 69 50
29 69 5
13 70 43
17 70 6179
19 70 3809
23 70 1188
27 70 196
11 71 2
12 71 2
13 71 50
14 71 426
15 71 1536
16 71 6760
17 71 11651
18 71 12718
19 71 12433
20 71 16041
21 71 10490
22 71 9484
23 71 4340
24 71 1640
25 71 2031
26 71 1245
27 71 246
28 71 315
29 71 95
30 71 10
31 71 1
13 72 4
17 72 1623
19 72 4744
23 72 836
25 72 1123
29 72 50
31 72 1
12 73 4
13 73 13
14 73 227
15 73 1190
16 73 3550
17 73 9604
18 73 14054
19 73 10462
20 73 16416
21 73 9037
22 73 7014
23 73 5413
24 73 2058
25 73 2949
26 73 1676
27 73 896
28 73 90
29 73 225
30 73 100
31 73 10
32 73 6
13 74 9
15 74 435
17 74 3464
19 74 7110
21 74 4897
23 74 2773
25 74 1405
27 74 336
29 74 175
13 75 4
14 75 47
16 75 1435
17 75 2715
19 75 3214
22 75 5095
23 75 2782
26 75 2241
28 75 196
29 75 322
31 75 20
32 75 1
13 76 3
15 76 137
17 76 2527
21 76 5861
23 76 6463
25 76 1698
27 76 412
29 76 70
31 76 40
15 77 117
16 77 961
17 77 1629
18 77 6250
19 77 8572
20 77 7585
23 77 2842
24 77 3820
25 77 1880
26 77 4595
27 77 1195
29 77 126
30 77 427
31 77 185
32 77 5
34 77 4
17 78 1314
19 78 3216
23 78 2727
25 78 1003
29 78 35
31 78 70
13 79 27
14 79 7
15 79 100
16 79 377
17 79 2403
18 79 5385
19 79 4976
20 79 9316
21 79 9945
22 79 11377
23 79 11739
24 79 3127
25 79 4178
26 79 4616
27 79 1971
28 79 1025
29 79 294
30 79 532
31 79 140
32 79 40
33 79 5
34 79 14
35 79 1
13 80 1
17 80 350
19 80 3287
21 80 3114
23 80 3025
27 80 546
29 80 168
14 81 2
16 81 164
17 81 370
19 81 2479
20 81 1065
22 81 7650
23 81 6673
25 81 3083
26 81 1869
28 81 949
29 81 412
31 81 56
32 81 55
34 81 34
35 81 1
13 82 1
15 82 11
17 82 645
19 82 2436
21 82 3819
23 82 8242
25 82 1897
27 82 1117
29 82 330
31 82 105
33 82 35
14 83 2
15 83 2
16 83 48
17 83 437
18 83 1666
19 83 2619
20 83 5494
21 83 8300
22 83 12728
23 83 6951
24 83 8164
25 83 4983
26 83 5912
27 83 2238
28 83 1841
29 83 1403
30 83 850
32 83 357
33 83 70
34 83 50
37 83 1
17 84 97
19 84 442
23 84 672
25 84 1800
29 84 154
16 85 6
18 85 537
19 85 1075
21 85 4549
22 85 4861
23 85 9625
24 85 3256
26 85 4493
27 85 2189
28 85 2156
29 85 1195
31 85 154
32 85 70
33 85 140
37 85 1
15 86 3
17 86 90
19 86 1208
21 86 2959
23 86 2567
25 86 5103
27 86 2106
29 86 535
31 86 210
33 86 231
16 87 4
17 87 18
19 87 487
20 87 1690
22 87 2666
23 87 1254
25 87 2423
26 87 4209
28 87 496
31 87 1037
32 87 77
35 87 70
37 87 5
17 88 7
19 88 526
21 88 904
23 88 817
25 88 1581
27 88 1466
29 88 1597
31 88 447
37 88 5
16 89 5
17 89 24
18 89 180
19 89 513
20 89 1642
21 89 1651
22 89 5418
23 89 2857
24 89 6307
25 89 2666
26 89 4958
27 89 5473
28 89 2274
29 89 850
30 89 638
31 89 824
32 89 1332
33 89 161
35 89 35
36 89 80
37 89 40
17 90 5
19 90 238
23 90 1812
29 90 796
31 90 320
17 91 2
18 91 44
19 91 204
20 91 541
22 91 2224
23 91 3213
24 91 1811
25 91 2017
27 91 3780
29 91 220
30 91 165
31 91 1654
32 91 328
33 91 526
34 91 182
37 91 15
38 91 25
17 92 1
19 92 38
21 92 331
25 92 944
27 92 1713
29 92 881
31 92 1667
33 92 84
41 92 2
17 93 1
19 93 20
20 93 259
22 93 690
23 93 1637
25 93 1278
26 93 2919
28 93 1206
29 93 3212
32 93 490
34 93 524
37 93 35
38 93 30
17 94 2
21 94 57
23 94 155
27 94 290
33 94 325
35 94 126
37 94 195
18 95 2
21 95 178
22 95 615
23 95 177
24 95 1209
26 95 1767
27 95 2514
28 95 422
29 95 292
32 95 978
33 95 324
34 95 84
37 95 70
39 95 15
19 96 9
23 96 103
29 96 989
31 96 553
43 96 1
17 97 2
19 97 6
20 97 44
21 97 106
22 97 294
23 97 557
24 97 1002
25 97 577
26 97 1689
27 97 2267
28 97 1359
29 97 241
30 97 989
31 97 759
33 97 491
34 97 655
35 97 28
38 97 70
39 97 45
41 97 30
19 99 1
20 99 28
23 99 447
25 99 292
26 99 165
28 99 1101
29 99 1225
31 99 263
34 99 487
35 99 118
40 99 35
1 2 21776
1 3 483901
1 4 619237
1 5 36535
2 5 7883
1 6 1281
2 7 330178
3 7 761
3 8 6802
2 9 73020
4 9 39
3 10 63073
2 11 958
3 11 213468
4 11 19647
5 11 14
5 12 212
3 13 87148
4 13 104186
5 13 5570
6 13 2
3 14 14649
5 14 15258
4 15 80296
3 16 1293
5 16 52071
7 16 11
3 17 185
4 17 74376
5 17 98546
6 17 13969
7 17 353
5 18 52519
7 18 1343
3 19 2
4 19 17050
5 19 113992
6 19 51707
7 19 7525
8 19 212
7 20 9084
9 20 4
4 21 1875
5 21 40929
8 21 1389
5 22 20352
7 22 14172
9 22 83
4 23 147
5 23 25094
6 23 72099
7 23 47517
8 23 9258
9 23 1285
10 23 28
5 24 5844
7 24 25467
4 25 1
6 25 31846
7 25 42094
8 25 21137
9 25 4915
11 25 5
5 26 1200
7 26 37154
9 26 6567
11 26 38
5 27 483
7 27 50519
8 27 44031
10 27 5135
11 27 142
5 28 200
9 28 20179
11 28 871
5 29 34
6 29 6895
7 29 52728
8 29 64878
9 29 46473
10 29 23414
11 29 2491
12 29 235
13 29 7
7 30 7790
11 30 139
6 31 1096
7 31 20136
8 31 51925
9 31 38856
10 31 30952
11 31 5049
12 31 871
13 31 102
7 32 8925
9 32 27698
11 32 4968
13 32 176
7 33 5364
8 33 19170
10 33 22778
13 33 226
14 33 34
7 34 1944
9 34 24349
11 34 6222
13 34 406
6 35 6
8 35 12742
9 35 29209
11 35 11418
12 35 4914
13 35 1329
7 36 335
11 36 5934
13 36 1043
7 37 435
8 37 9630
9 37 33488
10 37 41342
11 37 30554
12 37 13879
13 37 5227
14 37 1489
15 37 261
16 37 17
7 38 109
9 38 11245
11 38 14577
13 38 4899
15 38 216
7 39 54
8 39 2004
10 39 21879
11 39 19541
14 39 2307
16 39 95
17 39 9
7 40 2
9 40 4810
11 40 13012
13 40 4327
17 40 11
7 41 9
8 41 1030
9 41 8267
10 41 32486
11 41 32313
12 41 25534
13 41 16168
14 41 7224
15 41 1835
16 41 620
17 41 62
18 41 2
11 42 8541
13 42 4249
17 42 50
8 43 112
9 43 3424
10 43 21499
11 43 33364
12 43 28028
13 43 16240
14 43 14179
15 43 4209
16 43 1196
17 43 316
18 43 31
9 44 1217
13 44 18501
15 44 1924
17 44 367
19 44 2
8 45 3
11 45 4967
13 45 7105
14 45 4605
16 45 1551
17 45 560
19 45 12
9 46 452
11 46 7738
13 46 13911
15 46 3198
17 46 687
19 46 46
8 47 2
9 47 149
10 47 5298
11 47 16185
12 47 22105
13 47 26782
14 47 16622
15 47 10544
16 47 5769
17 47 1884
18 47 438
19 47 182
20 47 23
11 48 3394
13 48 7549
17 48 415
19 48 232
9 49 31
10 49 2274
11 49 8467
12 49 21273
13 49 17439
15 49 11696
16 49 6736
17 49 2954
18 49 1134
19 49 428
20 49 112
9 50 9
11 50 2867
13 50 7984
17 50 1850
19 50 336
21 50 1
10 51 942
11 51 2249
13 51 9890
14 51 10624
16 51 6231
19 51 974
20 51 391
22 51 3
9 52 3
11 52 1829
15 52 8015
17 52 3705
19 52 640
21 52 46
9 53 1
10 53 366
11 53 2517
12 53 9873
13 53 22393
14 53 23274
15 53 25793
16 53 14469
17 53 13321
18 53 4545
19 53 2104
20 53 1519
21 53 463
22 53 52
23 53 8
11 54 287
13 54 1438
17 54 926
19 54 533
23 54 5
12 55 4080
13 55 13094
14 55 15055
16 55 12502
17 55 13674
18 55 6256
19 55 4267
21 55 288
23 55 16
24 55 5
11 56 617
13 56 7620
15 56 10881
17 56 7861
19 56 1903
23 56 46
10 57 16
11 57 387
13 57 6625
14 57 11363
16 57 8762
17 57 13806
20 57 5546
22 57 496
23 57 81
25 57 1
11 58 145
13 58 3826
15 58 10892
17 58 9621
19 58 5402
21 58 705
23 58 176
25 58 27
10 59 3
11 59 141
12 59 1727
13 59 8203
14 59 18014
15 59 27136
16 59 25382
17 59 33098
18 59 20391
19 59 13860
20 59 13111
21 59 2961
22 59 1591
23 59 1299
24 59 192
25 59 46
26 59 1
11 60 22
13 60 847
17 60 1191
19 60 1049
23 60 15
11 61 34
12 61 641
13 61 4289
14 61 10564
15 61 16685
16 61 17863
17 61 24547
18 61 15499
19 61 14904
20 61 4469
21 61 2456
22 61 1576
23 61 694
24 61 255
25 61 62
26 61 19
27 61 1
11 62 15
13 62 960
15 62 5114
17 62 8730
19 62 5422
21 62 1450
23 62 407
25 62 55
11 63 1
13 63 969
16 63 8977
17 63 14913
19 63 9449
20 63 5304
22 63 1446
23 63 923
25 63 115
26 63 37
11 64 2
13 64 709
15 64 5426
17 64 8713
19 64 6230
21 64 3257
23 64 1120
25 64 246
27 64 11
11 65 2
12 65 38
14 65 3741
16 65 9926
17 65 16566
18 65 13936
19 65 13689
21 65 4434
22 65 1684
23 65 1296
24 65 809
27 65 32
28 65 4
13 66 296
17 66 5126
19 66 3386
23 66 514
25 66 244
12 67 14
13 67 285
14 67 2763
15 67 5177
16 67 11946
17 67 22427
18 67 15314
19 67 20123
20 67 9695
21 67 10734
22 67 6544
23 67 2094
24 67 1885
25 67 774
26 67 440
27 67 130
28 67 40
29 67 4
13 68 112
15 68 2023
19 68 9751
21 68 5988
23 68 1353
25 68 398
27 68 105
29 68 2
13 69 69
14 69 767
16 69 4722
17 69 6615
19 69 10603
20 69 4810
22 69 5255
25 69 502
26 69 569
28 69 1
29 69 20
13 70 8
17 70 4947
19 70 6466
23 70 1010
27 70 174
29 70 50
13 71 44
14 71 612
15 71 2083
16 71 7254
17 71 14695
18 71 15942
19 71 17899
20 71 12266
21 71 7312
22 71 8638
23 71 4767
24 71 3962
25 71 2704
26 71 977
27 71 488
28 71 280
29 71 121
30 71 22
31 71 2
13 72 13
17 72 2893
19 72 8037
23 72 2727
25 72 996
31 72 1
12 73 1
13 73 8
14 73 221
15 73 841
16 73 4666
17 73 9311
18 73 15151
19 73 12894
20 73 19163
21 73 11446
22 73 10714
23 73 6294
24 73 4892
25 73 2913
26 73 1877
27 73 950
28 73 260
29 73 264
30 73 90
31 73 10
13 74 1
15 74 354
17 74 2349
19 74 5686
21 74 4239
23 74 2987
25 74 1378
27 74 348
29 74 103
31 74 10
13 75 3
14 75 47
16 75 1139
17 75 2137
19 75 6036
22 75 5229
23 75 4316
26 75 1247
28 75 373
29 75 231
31 75 20
32 75 1
13 76 1
15 76 143
17 76 2515
21 76 6057
23 76 5938
25 76 1565
27 76 866
29 76 331
31 76 10
33 76 1
15 77 209
16 77 828
17 77 2841
18 77 6695
19 77 11138
20 77 5781
23 77 7559
24 77 5008
25 77 4164
26 77 2478
27 77 731
29 77 190
30 77 299
31 77 126
32 77 30
34 77 2
17 78 830
19 78 3168
23 78 1825
25 78 779
29 78 105
31 78 33
14 79 6
15 79 88
16 79 446
17 79 2108
18 79 5618
19 79 6528
20 79 11294
21 79 12424
22 79 9476
23 79 11114
24 79 5754
25 79 5950
26 79 4226
27 79 2123
28 79 1135
29 79 1010
30 79 669
31 79 65
32 79 129
33 79 15
34 79 5
35 79 1
17 80 322
19 80 3209
21 80 4871
23 80 1826
27 80 2124
29 80 784
14 81 1
16 81 163
17 81 539
19 81 2103
20 81 4751
22 81 4658
23 81 3312
25 81 2598
26 81 2589
28 81 1627
29 81 1276
31 81 365
32 81 124
34 81 15
35 81 2
15 82 6
17 82 320
19 82 2058
21 82 2900
23 82 6053
25 82 2809
27 82 464
29 82 950
31 82 209
33 82 34
14 83 2
15 83 4
16 83 91
17 83 672
18 83 1812
19 83 3258
20 83 4215
21 83 9330
22 83 15079
23 83 8184
24 83 5324
25 83 9532
26 83 4893
27 83 4241
28 83 2278
29 83 1556
30 83 1194
31 83 311
32 83 100
33 83 104
34 83 45
35 83 25
17 84 95
19 84 757
23 84 2288
25 84 709
29 84 607
14 85 1
16 85 21
18 85 953
19 85 1726
21 85 3270
22 85 6117
23 85 10800
24 85 5864
26 85 8185
27 85 3487
28 85 1667
29 85 2569
31 85 712
32 85 139
33 85 49
36 85 11
37 85 1
17 86 94
19 86 468
21 86 1075
23 86 3974
25 86 6030
27 86 1467
29 86 779
33 86 70
35 86 49
16 87 17
17 87 95
19 87 589
20 87 748
22 87 3045
23 87 2721
25 87 3485
26 87 2946
28 87 1472
31 87 956
32 87 580
34 87 119
35 87 35
37 87 5
17 88 21
19 88 514
21 88 1951
23 88 3437
25 88 2649
27 88 1520
29 88 4330
31 88 832
16 89 5
17 89 28
18 89 232
19 89 652
20 89 1653
21 89 2777
22 89 4503
23 89 5523
24 89 5153
25 89 5346
26 89 2527
27 89 4735
28 89 5568
29 89 2620
30 89 1850
31 89 323
32 89 748
33 89 524
34 89 100
35 89 68
36 89 30
37 89 30
38 89 8
17 90 4
19 90 70
23 90 989
29 90 543
37 90 15
17 91 11
18 91 117
19 91 282
20 91 724
22 91 3006
23 91 3256
24 91 3746
25 91 2474
27 91 1853
29 91 1088
30 91 773
31 91 883
32 91 208
33 91 1009
34 91 238
36 91 15
37 91 15
38 91 30
19 92 21
21 92 387
25 92 2213
27 92 990
29 92 1321
31 92 1578
33 92 329
17 93 7
19 93 30
20 93 165
22 93 1644
23 93 491
25 93 1465
26 93 2403
28 93 1500
29 93 3094
32 93 318
34 93 693
35 93 190
37 93 85
40 93 1
17 94 1
19 94 13
21 94 159
23 94 707
27 94 1005
37 94 99
39 94 15
18 95 14
21 95 238
22 95 479
23 95 660
24 95 1946
26 95 1679
27 95 2170
28 95 2001
29 95 1526
31 95 637
32 95 303
34 95 126
36 95 138
39 95 15
19 96 17
23 96 790
25 96 770
31 96 667
18 97 3
19 97 3
20 97 43
21 97 182
22 97 488
23 97 1205
24 97 1380
25 97 1233
26 97 2938
27 97 1932
29 97 1901
30 97 596
31 97 1176
32 97 445
35 97 182
36 97 242
39 97 25
40 97 30
41 97 24
17 99 1
19 99 2
20 99 11
23 99 197
25 99 638
26 99 654
28 99 777
31 99 669
32 99 612
35 99 208
37 99 121
41 99 15
1 2 27133
1 3 400892
1 4 518914
1 5 31379
2 5 14677
1 6 17
2 7 334803
3 7 609
3 8 12962
2 9 77011
4 9 41
3 10 73971
2 11 17
3 11 174436
4 11 14605
5 11 1
5 12 352
3 13 96398
4 13 94330
5 13 5354
6 13 1
3 14 19585
5 14 9688
4 15 86278
3 16 51
5 16 29535
7 16 3
4 17 84999
5 17 87288
6 17 13934
7 17 521
5 18 60847
7 18 323
4 19 13712
5 19 114900
6 19 48512
7 19 6994
8 19 246
7 20 6703
4 21 170
5 21 27946
8 21 772
5 22 15957
7 22 16029
9 22 213
5 23 13191
6 23 70950
7 23 41741
8 23 8664
9 23 986
10 23 12
5 24 1763
7 24 21798
6 25 50972
7 25 48223
8 25 21680
9 25 4187
11 25 10
5 26 80
7 26 38229
9 26 5340
11 26 111
5 27 2
7 27 36391
8 27 28411
10 27 3030
11 27 705
9 28 14308
11 28 1927
6 29 7300
7 29 41342
8 29 72391
9 29 36750
10 29 15003
11 29 5734
12 29 518
13 29 7
7 30 10850
11 30 10138
13 30 52
6 31 1192
7 31 18346
8 31 49242
9 31 52096
10 31 24143
11 31 13858
12 31 4330
13 31 235
14 31 1
7 32 5298
9 32 32409
11 32 10523
13 32 217
7 33 2284
8 33 19548
10 33 18544
13 33 410
14 33 12
7 34 1445
9 34 28915
11 34 10995
13 34 616
15 34 1
8 35 13998
9 35 31430
11 35 16163
12 35 5468
13 35 1576
7 36 94
11 36 15231
13 36 556
7 37 29
8 37 7120
9 37 29556
10 37 39129
11 37 31200
12 37 11667
13 37 4604
14 37 1405
15 37 148
16 37 7
7 38 3
9 38 11679
11 38 18947
13 38 4697
15 38 246
7 39 1
8 39 1700
10 39 20497
11 39 21077
14 39 2236
16 39 82
17 39 4
9 40 5856
11 40 21254
13 40 4624
17 40 21
8 41 265
9 41 6159
10 41 27199
11 41 33687
12 41 26914
13 41 15420
14 41 5216
15 41 1843
16 41 709
17 41 47
11 42 18377
13 42 6743
17 42 61
8 43 7
9 43 2327
10 43 15980
11 43 36445
12 43 30719
13 43 19982
14 43 11952
15 43 3318
16 43 1412
17 43 569
18 43 32
9 44 623
13 44 14285
15 44 1652
17 44 109
19 44 10
11 45 14553
13 45 12974
14 45 4717
16 45 928
17 45 391
19 45 12
9 46 151
11 46 13428
13 46 13245
15 46 4554
17 46 1944
19 46 46
9 47 56
10 47 3318
11 47 17996
12 47 32553
13 47 24099
14 47 16754
15 47 10587
16 47 4907
17 47 1966
18 47 748
19 47 146
20 47 10
11 48 10853
13 48 9373
17 48 645
19 48 49
9 49 1
10 49 1115
11 49 10057
12 49 25306
13 49 22574
15 49 13279
16 49 5096
17 49 2989
18 49 1333
19 49 317
20 49 97
11 50 7804
13 50 10757
17 50 1201
19 50 231
21 50 6
10 51 180
11 51 5055
13 51 14184
14 51 13212
16 51 5817
19 51 709
20 51 107
22 51 8
11 52 3646
15 52 8938
17 52 3446
19 52 587
21 52 141
23 52 1
10 53 14
11 53 3664
12 53 17373
13 53 28344
14 53 22105
15 53 23534
16 53 18206
17 53 9780
18 53 3550
19 53 3073
20 53 620
21 53 282
22 53 108
23 53 10
11 54 1641
13 54 8270
17 54 4555
19 54 834
23 54 7
12 55 7010
13 55 12717
14 55 12572
16 55 14614
17 55 12623
18 55 4600
19 55 3990
21 55 858
23 55 51
24 55 7
11 56 708
13 56 6169
15 56 7504
17 56 4510
19 56 2520
23 56 21
11 57 347
13 57 6841
14 57 13464
16 57 10708
17 57 17762
20 57 1435
22 57 948
23 57 201
25 57 10
11 58 234
13 58 5766
15 58 13336
17 58 11438
19 58 3460
21 58 521
23 58 526
25 58 3
11 59 72
12 59 2284
13 59 7883
14 59 21808
15 59 26177
16 59 23871
17 59 30496
18 59 14591
19 59 15977
20 59 4414
21 59 4311
22 59 2905
23 59 742
24 59 342
25 59 42
26 59 16
11 60 60
13 60 2046
17 60 8435
19 60 3620
23 60 281
11 61 20
12 61 926
13 61 4667
14 61 10140
15 61 25957
16 61 29991
17 61 29844
18 61 22365
19 61 19563
20 61 8293
21 61 7621
22 61 5955
23 61 1757
24 61 1759
25 61 182
26 61 61
13 62 1385
15 62 7423
17 62 12031
19 62 4757
21 62 1223
23 62 295
25 62 22
27 62 2
13 63 715
16 63 9408
17 63 11901
19 63 11907
20 63 3506
22 63 892
23 63 1572
25 63 130
26 63 131
13 64 555
15 64 5214
17 64 8125
19 64 5589
21 64 1985
23 64 430
25 64 109
27 64 5
12 65 9
14 65 2661
16 65 8946
17 65 17364
18 65 9637
19 65 15947
21 65 7684
22 65 1877
23 65 2070
24 65 353
27 65 15
28 65 8
13 66 21
17 66 5046
19 66 2531
23 66 418
25 66 36
13 67 131
14 67 1690
15 67 6124
16 67 15068
17 67 22307
18 67 20509
19 67 17035
20 67 13560
21 67 9638
22 67 4129
23 67 3057
24 67 1899
25 67 739
26 67 206
27 67 35
28 67 41
29 67 3
13 68 19
15 68 2406
19 68 8704
21 68 3546
23 68 1609
25 68 654
27 68 65
29 68 5
13 69 6
14 69 731
16 69 5313
17 69 10899
19 69 12549
20 69 8495
22 69 3399
25 69 633
26 69 307
28 69 65
29 69 25
13 70 10
17 70 4974
19 70 6211
23 70 1546
27 70 1
29 70 6
14 71 188
15 71 1395
16 71 5572
17 71 11652
18 71 15628
19 71 20178
20 71 14858
21 71 17982
22 71 8560
23 71 4921
24 71 3249
25 71 1805
26 71 731
27 71 324
28 71 226
29 71 25
30 71 20
31 71 2
17 72 818
19 72 5312
23 72 951
25 72 244
14 73 35
15 73 1155
16 73 3517
17 73 8539
18 73 14603
19 73 17651
20 73 13692
21 73 14728
22 73 10225
23 73 8153
24 73 2604
25 73 2542
26 73 2166
27 73 436
28 73 295
29 73 116
30 73 15
31 73 16
32 73 3
15 74 316
17 74 3882
19 74 9831
21 74 9835
23 74 2585
25 74 2150
27 74 195
29 74 37
31 74 35
14 75 4
16 75 2165
17 75 3494
19 75 8433
22 75 6279
23 75 4646
26 75 1109
28 75 146
29 75 210
31 75 1
32 75 7
15 76 95
17 76 2507
21 76 6132
23 76 3988
25 76 728
27 76 588
29 76 350
31 76 5
15 77 80
16 77 888
17 77 2271
18 77 5456
19 77 10584
20 77 8502
23 77 6669
24 77 3949
25 77 4282
26 77 2202
27 77 940
29 77 452
30 77 227
31 77 146
32 77 41
34 77 1
17 78 658
19 78 3409
23 78 3514
25 78 1765
29 78 231
31 78 2
15 79 30
16 79 452
17 79 2867
18 79 5130
19 79 9412
20 79 12355
21 79 12844
22 79 9724
23 79 12951
24 79 6967
25 79 6951
26 79 6718
27 79 1208
28 79 815
29 79 943
30 79 283
31 79 210
32 79 143
33 79 6
34 79 6
35 79 1
17 80 468
19 80 3042
21 80 5101
23 80 3881
27 80 831
29 80 387
31 80 395
33 80 5
16 81 123
17 81 841
19 81 4415
20 81 6687
22 81 8505
23 81 5104
25 81 3436
26 81 2357
28 81 1649
29 81 715
31 81 216
32 81 51
34 81 2
35 81 2
17 82 579
19 82 2972
21 82 6079
23 82 11084
25 82 3098
27 82 1116
29 82 1494
31 82 1
33 82 16
35 82 24
16 83 51
17 83 614
18 83 3264
19 83 4374
20 83 8839
21 83 5516
22 83 15066
23 83 6666
24 83 7291
25 83 13571
26 83 3387
27 83 2921
28 83 4463
29 83 985
30 83 900
31 83 1346
32 83 180
33 83 51
34 83 107
35 83 6
36 83 5
37 83 1
17 84 46
19 84 261
23 84 2995
25 84 816
29 84 365
31 84 461
16 85 1
18 85 1459
19 85 2056
21 85 4065
22 85 5008
23 85 13799
24 85 2576
26 85 9665
27 85 3646
28 85 1080
29 85 3459
31 85 86
32 85 1000
33 85 71
37 85 3
38 85 1
17 86 77
19 86 1028
21 86 2981
23 86 4682
25 86 8255
27 86 1816
29 86 488
31 86 1787
33 86 140
35 86 6
37 86 9
16 87 1
17 87 49
19 87 730
20 87 1679
22 87 5920
23 87 5598
25 87 4435
26 87 4173
28 87 1809
31 87 534
32 87 295
34 87 106
37 87 5
17 88 4
19 88 365
21 88 885
23 88 1306
25 88 2914
27 88 2116
29 88 4535
31 88 413
35 88 246
17 89 20
18 89 325
19 89 935
20 89 1265
21 89 2726
22 89 5302
23 89 5905
24 89 6246
25 89 3795
26 89 4523
27 89 3633
28 89 9802
29 89 2249
30 89 1793
31 89 3683
32 89 421
33 89 141
34 89 640
35 89 142
37 89 35
38 89 6
19 90 161
23 90 2465
29 90 1070
31 90 323
37 90 5
18 91 54
19 91 144
20 91 794
22 91 2700
23 91 2263
24 91 2817
25 91 3460
27 91 3124
29 91 2617
30 91 2092
31 91 356
32 91 3490
33 91 174
34 91 210
36 91 35
37 91 50
38 91 25
19 92 41
21 92 459
25 92 1010
27 92 1787
31 92 829
33 92 255
35 92 140
37 92 54
19 93 129
20 93 317
22 93 1035
23 93 2283
25 93 2640
26 93 2863
28 93 1402
29 93 2149
32 93 542
34 93 159
35 93 21
37 93 15
38 93 5
40 93 2
19 94 17
21 94 242
23 94 632
25 94 1972
27 94 1227
31 94 458
37 94 41
39 94 5
21 95 365
22 95 439
23 95 622
24 95 927
26 95 1751
27 95 91
28 95 2731
29 95 1464
31 95 685
32 95 338
33 95 528
34 95 125
36 95 2
37 95 35
41 95 2
19 96 3
23 96 56
25 96 741
29 96 827
35 96 329
19 97 26
20 97 62
21 97 202
22 97 480
23 97 565
24 97 710
25 97 1318
26 97 2100
27 97 902
28 97 1920
29 97 2506
30 97 1202
31 97 977
32 97 675
33 97 641
34 97 209
36 97 10
37 97 140
38 97 35
41 97 6
42 97 2
19 99 2
20 99 11
23 99 277
25 99 735
26 99 972
28 99 77
29 99 873
31 99 608
32 99 29
34 99 323
35 99 209
37 99 5
38 99 70
43 99 1
1 2 31024
1 3 486723
1 4 573664
2 5 9045
2 7 285944
3 7 811
3 8 8121
2 9 23835
4 9 125
3 10 88433
3 11 217075
4 11 18158
5 11 10
5 12 114
3 13 38421
4 13 86067
5 13 4670
3 14 1273
5 14 7087
4 15 81594
5 16 56308
7 16 121
4 17 39956
5 17 101628
6 17 13735
7 17 429
5 18 63660
7 18 830
4 19 555
5 19 125287
6 19 40008
7 19 4686
8 19 179
7 20 4590
5 21 49801
8 21 1371
5 22 5065
7 22 15932
9 22 55
5 23 1613
6 23 59036
7 23 44363
8 23 8734
9 23 890
10 23 28
5 24 60
7 24 26722
6 25 17682
7 25 56188
8 25 17787
9 25 3065
7 26 46865
9 26 4986
11 26 52
7 27 59596
8 27 40894
10 27 1848
11 27 179
9 28 13393
11 28 567
6 29 165
7 29 47353
8 29 71075
9 29 31196
10 29 11625
11 29 2407
12 29 371
13 29 4
7 30 22305
11 30 3475
13 30 62
7 31 21286
8 31 67151
9 31 46126
10 31 22585
11 31 8670
12 31 2349
13 31 448
14 31 8
7 32 9714
9 32 32619
11 32 5928
13 32 1172
7 33 348
8 33 32081
10 33 16525
13 33 738
14 33 86
9 34 26138
11 34 9201
13 34 726
15 34 1
8 35 4890
9 35 22114
11 35 12248
12 35 4938
13 35 1558
11 36 10545
13 36 1297
8 37 971
9 37 19125
10 37 39932
11 37 27022
12 37 12927
13 37 3739
14 37 842
15 37 173
16 37 5
9 38 7164
11 38 16523
13 38 2471
15 38 157
10 39 20320
11 39 21053
14 39 1198
16 39 37
9 40 1933
11 40 17616
13 40 4631
17 40 6
9 41 2293
10 41 20261
11 41 33354
12 41 21568
13 41 13561
14 41 6607
15 41 1868
16 41 513
17 41 47
11 42 10069
13 42 6754
17 42 41
9 43 130
10 43 9307
11 43 27735
12 43 28964
13 43 20020
14 43 12940
15 43 4224
16 43 1534
17 43 422
18 43 22
13 44 20594
15 44 3823
17 44 287
19 44 15
11 45 9019
13 45 17014
14 45 12496
16 45 1600
17 45 167
19 45 2
11 46 3904
13 46 18414
15 46 6415
17 46 2182
19 46 32
10 47 444
11 47 6384
12 47 20222
13 47 25446
14 47 20627
15 47 13224
16 47 4933
17 47 1513
18 47 513
19 47 514
20 47 15
11 48 1358
13 48 19521
17 48 779
19 48 76
11 49 1611
12 49 11140
13 49 28864
15 49 16449
16 49 8297
17 49 1799
18 49 657
19 49 362
20 49 43
11 50 145
13 50 17240
17 50 861
19 50 55
21 50 23
11 51 300
13 51 21876
14 51 26203
16 51 9811
19 51 462
20 51 92
22 51 1
11 52 53
15 52 19919
17 52 2495
19 52 517
21 52 51
11 53 59
12 53 4063
13 53 25021
14 53 41394
15 53 42343
16 53 19516
17 53 10474
18 53 2925
19 53 1571
20 53 910
21 53 258
22 53 89
23 53 1
13 54 15734
17 54 3508
19 54 586
23 54 2
12 55 783
13 55 16926
14 55 29435
16 55 21054
17 55 11342
18 55 4664
19 55 2663
21 55 546
23 55 70
24 55 2
13 56 12822
15 56 34567
17 56 5472
19 56 1549
23 56 146
25 56 1
13 57 10948
14 57 26757
16 57 24970
17 57 12697
20 57 1036
22 57 176
23 57 179
25 57 3
13 58 10429
15 58 37748
17 58 8076
19 58 4026
21 58 1039
23 58 62
25 58 1
13 59 7053
14 59 26417
15 59 49146
16 59 37442
17 59 22738
18 59 15419
19 59 14302
20 59 4178
21 59 3362
22 59 1057
23 59 679
24 59 380
25 59 49
26 59 2
13 60 4468
17 60 3188
19 60 3654
23 60 196
13 61 4209
14 61 15570
15 61 45853
16 61 34576
17 61 28524
18 61 17684
19 61 16918
20 61 9537
21 61 7078
22 61 1795
23 61 1620
24 61 272
25 61 499
26 61 39
27 61 12
13 62 2670
15 62 33319
17 62 13930
19 62 7229
21 62 1587
23 62 746
25 62 532
27 62 2
13 63 1077
16 63 19058
17 63 16571
19 63 15570
20 63 6358
22 63 923
23 63 2471
25 63 721
26 63 176
15 64 21070
17 64 11698
19 64 7281
21 64 2503
23 64 1403
25 64 241
27 64 8
14 65 202
16 65 21501
17 65 16029
18 65 14048
19 65 11973
21 65 8514
22 65 3504
23 65 3194
24 65 859
27 65 129
28 65 1
29 65 6
17 66 4873
19 66 5248
23 66 364
25 66 266
29 66 1
14 67 52
15 67 2106
16 67 9331
17 67 20295
18 67 17006
19 67 18707
20 67 12616
21 67 10434
22 67 4949
23 67 4260
24 67 1405
25 67 1182
26 67 286
27 67 227
28 67 12
29 67 9
15 68 720
19 68 6015
21 68 3605
23 68 2052
25 68 423
27 68 75
29 68 1
16 69 3564
17 69 8315
19 69 10806
20 69 9337
22 69 2918
25 69 1266
26 69 140
28 69 60
29 69 8
17 70 1938
19 70 5360
23 70 1383
27 70 95
29 70 5
15 71 247
16 71 1349
17 71 8032
18 71 17964
19 71 24120
20 71 16491
21 71 12835
22 71 6115
23 71 6399
24 71 3323
25 71 2024
26 71 1105
27 71 596
28 71 246
29 71 52
30 71 9
31 71 1
17 72 3249
19 72 4672
23 72 2090
25 72 861
29 72 35
31 72 2
16 73 873
17 73 4102
18 73 10750
19 73 18180
20 73 18707
21 73 14513
22 73 9307
23 73 8545
24 73 3842
25 73 2157
26 73 1363
27 73 938
28 73 300
29 73 217
30 73 45
31 73 6
32 73 1
17 74 1409
19 74 11703
21 74 5338
23 74 3225
25 74 1289
27 74 285
29 74 25
31 74 8
16 75 137
17 75 1346
19 75 4968
22 75 7779
23 75 4681
26 75 1599
28 75 470
29 75 135
31 75 7
17 76 158
21 76 9469
23 76 5903
25 76 2911
27 76 406
29 76 220
31 76 20
33 76 1
16 77 44
17 77 1000
18 77 3735
19 77 9148
20 77 10356
23 77 7165
24 77 3982
25 77 4019
26 77 1702
27 77 1224
29 77 370
30 77 35
31 77 65
32 77 16
19 78 1273
23 78 2134
25 78 1116
31 78 30
17 79 310
18 79 3229
19 79 8755
20 79 12259
21 79 11631
22 79 9579
23 79 9078
24 79 9118
25 79 3368
26 79 3856
27 79 3339
28 79 1991
29 79 886
30 79 280
31 79 125
32 79 60
33 79 27
34 79 1
17 80 206
19 80 2695
21 80 3737
23 80 4773
27 80 947
29 80 140
31 80 210
33 80 1
17 81 162
19 81 2823
20 81 5989
22 81 8083
23 81 5238
25 81 3641
26 81 2315
28 81 1319
29 81 1259
31 81 155
32 81 66
34 81 21
35 81 1
17 82 11
19 82 779
21 82 2878
23 82 7413
25 82 2198
27 82 732
29 82 1171
31 82 231
33 82 15
35 82 3
18 83 384
19 83 2656
20 83 6510
21 83 8792
22 83 14087
23 83 11093
24 83 7036
25 83 8344
26 83 5351
27 83 3685
28 83 4322
29 83 1324
30 83 743
31 83 622
32 83 170
33 83 46
34 83 59
35 83 4
36 83 1
19 84 403
23 84 1660
25 84 1110
29 84 289
31 84 70
18 85 318
19 85 931
21 85 3679
22 85 5277
23 85 9619
24 85 6398
26 85 6473
27 85 2203
28 85 1980
29 85 2784
31 85 447
32 85 517
33 85 110
19 86 147
21 86 1541
23 86 1332
25 86 7405
27 86 878
29 86 523
31 86 1309
33 86 35
35 86 10
37 86 13
19 87 350
20 87 1502
22 87 4933
23 87 4809
25 87 4452
26 87 890
28 87 2401
31 87 595
32 87 518
34 87 35
35 87 80
37 87 3
19 88 70
21 88 1111
23 88 4260
25 88 1799
27 88 1760
29 88 3835
31 88 390
35 88 239
19 89 128
20 89 905
21 89 807
22 89 4742
23 89 4436
24 89 6999
25 89 7168
26 89 4167
27 89 1237
28 89 7743
29 89 1376
30 89 1557
31 89 3656
32 89 686
33 89 350
34 89 932
35 89 50
36 89 59
37 89 105
38 89 1
40 89 1
23 90 2159
29 90 824
31 90 83
19 91 47
20 91 351
22 91 2611
23 91 4735
24 91 5011
25 91 4180
27 91 2413
29 91 1496
30 91 322
31 91 1134
32 91 2856
33 91 531
34 91 230
36 91 29
37 91 15
38 91 105
41 91 1
21 92 472
25 92 1044
27 92 1619
29 92 1408
31 92 206
35 92 70
37 92 396
20 93 45
22 93 946
23 93 717
25 93 2941
26 93 3069
28 93 1209
29 93 452
32 93 593
34 93 250
35 93 175
37 93 50
38 93 10
23 94 431
25 94 1364
27 94 1105
29 94 1671
31 94 390
35 94 69
41 94 21
21 95 183
22 95 719
23 95 1087
24 95 2118
26 95 1369
27 95 2846
28 95 1019
29 95 1102
31 95 1154
32 95 409
33 95 333
34 95 265
36 95 70
39 95 10
43 95 1
23 96 613
25 96 1238
29 96 532
31 96 703
37 96 105
21 97 34
22 97 389
23 97 985
24 97 1869
25 97 1952
26 97 1623
27 97 1885
28 97 2029
29 97 612
30 97 804
31 97 596
32 97 1009
33 97 414
34 97 459
35 97 391
36 97 140
37 97 55
39 97 30
40 97 10
44 97 1
23 99 165
25 99 1002
26 99 681
28 99 1357
29 99 821
31 99 432
32 99 562
34 99 203
35 99 126
37 99 70
38 99 35
40 99 15
41 99 5
1 2 19484
1 3 542321
1 4 62999
2 5 15862
2 7 273487
3 7 1504
3 8 28312
4 9 234
3 10 130034
3 11 123128
4 11 35286
5 11 37
5 12 2005
4 13 106444
5 13 11740
6 13 7
5 14 19809
4 15 41614
7 15 1
5 16 49258
7 16 171
5 17 98999
6 17 23406
7 17 2650
5 18 16268
7 18 3911
5 19 20620
6 19 45653
7 19 17397
8 19 564
7 20 11091
9 20 22
8 21 3259
7 22 44156
9 22 599
6 23 8469
7 23 81726
8 23 24380
9 23 2937
10 23 67
7 24 9038
11 24 1
7 25 13012
8 25 13480
9 25 19375
11 25 58
7 26 6252
9 26 6733
11 26 487
7 27 7337
8 27 28275
10 27 2698
11 27 2224
9 28 16910
11 28 615
13 28 1
8 29 39541
9 29 37718
10 29 12529
11 29 2376
12 29 182
13 29 58
11 30 3824
13 30 21
8 31 26500
9 31 61145
10 31 32021
11 31 10182
12 31 2076
13 31 275
14 31 3
9 32 59657
11 32 15225
13 32 570
8 33 23859
10 33 48390
13 33 1457
14 33 132
9 34 73137
11 34 34645
13 34 3459
15 34 42
9 35 3322
11 35 55238
12 35 22279
13 35 6973
16 35 2
11 36 64390
13 36 12360
9 37 511
10 37 12993
11 37 13548
12 37 56848
13 37 23483
14 37 7023
15 37 1373
16 37 126
17 37 2
11 38 9041
13 38 34407
15 38 3244
17 38 42
10 39 2174
11 39 8929
14 39 21629
16 39 1324
17 39 126
11 40 7124
13 40 5127
17 40 465
10 41 550
11 41 9364
12 41 17660
13 41 9904
14 41 4704
15 41 1506
16 41 6432
17 41 1310
18 41 126
19 41 2
11 42 2714
13 42 4236
17 42 3039
19 42 21
11 43 3937
12 43 11731
13 43 12259
14 43 6724
15 43 3418
16 43 879
17 43 196
18 43 1303
19 43 126
20 43 1
13 44 8965
15 44 2529
17 44 420
19 44 464
13 45 4999
14 45 3933
16 45 1189
17 45 538
19 45 10
13 46 4218
15 46 2765
17 46 1038
19 46 27
21 46 21
12 47 3283
13 47 8012
14 47 9270
15 47 4975
16 47 3183
17 47 2171
18 47 559
19 47 132
20 47 10
22 47 1
13 48 3198
17 48 2202
19 48 196
12 49 333
13 49 2219
15 49 4695
16 49 5085
17 49 3674
18 49 1539
19 49 461
20 49 79
13 50 335
17 50 3801
19 50 559
21 50 22
13 51 1041
14 51 3516
16 51 5979
19 51 987
20 51 342
22 51 6
15 52 5327
17 52 6339
19 52 1644
21 52 145
23 52 2
13 53 479
14 53 3822
15 53 8526
16 53 12792
17 53 12353
18 53 7023
19 53 3322
20 53 1192
21 53 347
22 53 73
23 53 12
17 54 12339
19 54 3259
23 54 21
14 55 1720
16 55 16025
17 55 18781
18 55 12195
19 55 5957
21 55 1070
23 55 65
24 55 12
15 56 2649
17 56 20267
19 56 6960
23 56 131
25 56 2
14 57 178
16 57 19364
17 57 26431
20 57 5276
22 57 944
23 57 277
25 57 6
15 58 1974
17 58 26983
19 58 12826
21 58 3370
23 58 520
25 58 42
15 59 1862
16 59 22952
17 59 41552
18 59 30614
19 59 20317
20 59 12281
21 59 6215
22 59 2643
23 59 1090
24 59 289
25 59 117
26 59 12
17 60 34446
19 60 18289
23 60 1329
15 61 455
16 61 28511
17 61 45242
18 61 42589
19 61 32914
20 61 19560
21 61 11768
22 61 5857
23 61 2704
24 61 991
25 61 309
26 61 116
27 61 12
17 62 45787
19 62 30789
21 62 12782
23 62 3454
25 62 480
27 62 42
16 63 21471
17 63 45995
19 63 39408
20 63 29166
22 63 9554
23 63 5162
25 63 926
26 63 269
17 64 44277
19 64 44477
21 64 23192
23 64 6906
25 64 1363
27 64 255
29 64 3
16 65 23218
17 65 47166
18 65 61509
19 65 51259
21 65 32215
22 65 16791
23 65 10703
24 65 5165
27 65 538
28 65 112
29 65 12
17 66 44675
19 66 54333
23 66 12263
25 66 3136
29 66 21
17 67 45318
18 67 69581
19 67 75483
20 67 58158
21 67 49452
22 67 33187
23 67 18321
24 67 10942
25 67 5424
26 67 2415
27 67 926
28 67 535
29 67 112
30 67 12
19 68 66474
21 68 51002
23 68 20665
25 68 6720
27 68 1358
29 68 255
31 68 3
17 69 316
19 69 68326
20 69 65438
22 69 40839
25 69 9112
26 69 4875
28 69 825
29 69 266
31 69 6
17 70 88
19 70 1935
23 70 29726
27 70 3070
29 70 468
31 70 42
18 71 1917
19 71 5465
20 71 9321
21 71 79067
22 71 57505
23 71 47657
24 71 29433
25 71 17320
26 71 9990
27 71 4910
28 71 2229
29 71 853
30 71 259
31 71 112
32 71 12
19 72 2234
23 72 45475
25 72 20351
29 72 1300
31 72 126
18 73 360
19 73 2694
20 73 6444
21 73 9713
22 73 9276
23 73 57667
24 73 45661
25 73 28446
26 73 16973
27 73 9536
28 73 4746
29 73 2137
30 73 819
31 73 258
32 73 112
33 73 12
19 74 1559
21 74 4310
23 74 2920
25 74 32671
27 74 11896
29 74 3062
31 74 462
33 74 42
19 75 1295
22 75 5137
23 75 2840
26 75 26510
28 75 8744
29 75 4527
31 75 799
32 75 254
34 75 6
21 76 4326
23 76 2675
25 76 1639
27 76 20438
29 76 6247
31 76 1296
33 76 126
35 76 2
19 77 355
20 77 1022
23 77 6668
24 77 3991
25 77 2742
26 77 3049
27 77 27135
29 77 8973
30 77 4521
31 77 2043
32 77 803
34 77 56
19 78 57
23 78 2821
25 78 1394
29 78 11554
31 78 3050
35 78 21
20 79 2073
21 79 4571
22 79 7285
23 79 7983
24 79 5784
25 79 5149
26 79 2785
27 79 3231
28 79 1859
29 79 16111
30 79 8874
31 79 4513
32 79 2040
33 79 804
34 79 252
35 79 56
36 79 12
21 80 1590
23 80 2435
27 80 982
29 80 359
31 80 6161
33 80 1283
37 80 2
20 81 604
22 81 1573
23 81 4970
25 81 3388
26 81 2016
28 81 2131
29 81 915
31 81 8708
32 81 4428
34 81 801
35 81 252
37 81 6
21 82 1179
23 82 3255
25 82 3448
27 82 1235
29 82 665
31 82 148
33 82 3015
35 82 462
37 82 21
21 83 566
22 83 3604
23 83 6721
24 83 4175
25 83 6142
26 83 3662
27 83 4875
28 83 2417
29 83 1657
30 83 1010
31 83 438
32 83 313
33 83 4425
34 83 2024
35 83 795
36 83 252
37 83 56
38 83 6
23 84 1185
25 84 1215
29 84 591
31 84 179
37 84 126
22 85 2175
23 85 4282
24 85 3340
26 85 4113
27 85 3362
28 85 2032
29 85 1487
31 85 501
32 85 238
33 85 140
36 85 795
37 85 252
38 85 56
39 85 6
21 86 55
23 86 252
25 86 3655
27 86 1618
29 86 1037
31 86 570
33 86 98
35 86 33
37 86 461
39 86 21
22 87 124
23 87 1252
25 87 2088
26 87 2397
28 87 2123
31 87 864
32 87 406
34 87 55
35 87 60
37 87 793
38 87 252
40 87 6
23 88 723
25 88 2206
27 88 1468
29 88 1194
31 88 551
35 88 17
37 88 3
39 88 126
41 88 1
22 89 449
23 89 1147
24 89 3412
25 89 3097
26 89 4808
27 89 3832
28 89 4680
29 89 3028
30 89 1584
31 89 1250
32 89 808
33 89 296
34 89 218
35 89 111
36 89 32
37 89 6
38 89 1
39 89 252
40 89 56
41 89 6
29 90 905
31 90 794
37 90 22
41 90 21
23 91 428
24 91 1749
25 91 971
27 91 3375
29 91 1579
30 91 1807
31 91 864
32 91 888
33 91 528
34 91 201
36 91 40
37 91 9
38 91 4
41 91 56
25 92 2091
27 92 1653
29 92 1062
31 92 226
33 92 250
35 92 41
37 92 31
39 92 2
43 92 1
23 93 278
25 93 913
26 93 1846
28 93 2168
29 93 1983
32 93 544
34 93 364
35 93 118
37 93 18
38 93 3
43 93 6
27 94 1450
29 94 598
31 94 314
33 94 432
35 94 55
37 94 21
39 94 1
24 95 317
26 95 1050
27 95 1468
28 95 2024
29 95 1075
31 95 1071
32 95 459
33 95 349
34 95 320
36 95 42
37 95 76
39 95 2
29 96 659
31 96 275
35 96 125
37 96 21
41 96 1
24 97 323
25 97 322
26 97 1233
27 97 1184
28 97 1268
29 97 1899
30 97 1054
31 97 702
32 97 787
33 97 460
34 97 240
35 97 319
36 97 110
37 97 57
38 97 76
39 97 12
40 97 2
41 97 2
26 99 272
28 99 378
29 99 748
31 99 410
32 99 519
34 99 230
35 99 120
37 99 55
38 99 21
40 99 6
41 99 1
