v=(1,2,3,4,5,6,7,8) t=1/9 gap=1/9
v=(1,2,3,4,5,6,7,9) t=1/8 gap=1/8
v=(1,2,3,4,5,6,7,10) t=1/8 gap=1/8
v=(1,2,3,4,5,6,7,11) t=1/8 gap=1/8
v=(1,2,3,4,5,6,7,12) t=1/8 gap=1/8
v=(1,2,3,4,5,6,7,13) t=1/8 gap=1/8
v=(1,2,3,4,5,6,7,14) t=1/8 gap=1/8
v=(1,2,3,4,5,6,7,15) t=1/8 gap=1/8
v=(1,2,3,4,5,6,7,16) t=2/17 gap=2/17
v=(1,2,3,4,5,6,7,17) t=1/8 gap=1/8
v=(1,2,3,4,5,6,7,18) t=1/8 gap=1/8
v=(1,2,3,4,5,6,7,19) t=1/8 gap=1/8
v=(1,2,3,4,5,6,7,20) t=1/8 gap=1/8
v=(1,2,3,4,5,6,7,21) t=1/8 gap=1/8
v=(1,2,3,4,5,6,7,22) t=1/8 gap=1/8
v=(1,2,3,4,5,6,7,23) t=1/8 gap=1/8
v=(1,2,3,4,5,6,7,24) t=3/25 gap=3/25
v=(1,2,3,4,5,6,7,25) t=1/8 gap=1/8
v=(1,2,3,4,5,6,7,26) t=1/8 gap=1/8
v=(1,2,3,4,5,6,7,27) t=1/8 gap=1/8
v=(1,2,3,4,5,6,7,28) t=1/8 gap=1/8
v=(1,2,3,4,5,6,7,29) t=1/8 gap=1/8
v=(1,2,3,4,5,6,7,30) t=1/8 gap=1/8
v=(1,2,3,4,5,6,7,31) t=1/8 gap=1/8
v=(1,2,3,4,5,6,7,32) t=4/33 gap=4/33
v=(1,2,3,4,5,6,7,33) t=1/8 gap=1/8
v=(1,2,3,4,5,6,7,34) t=1/8 gap=1/8
v=(1,2,3,4,5,6,7,35) t=1/8 gap=1/8
v=(1,2,3,4,5,6,7,36) t=1/8 gap=1/8
v=(1,2,3,4,5,6,7,37) t=1/8 gap=1/8
v=(1,2,3,4,5,6,7,38) t=1/8 gap=1/8
v=(1,2,3,4,5,6,7,39) t=1/8 gap=1/8
v=(1,2,3,4,5,6,7,40) t=5/41 gap=5/41
v=(1,2,3,4,5,6,7,41) t=1/8 gap=1/8
v=(1,2,3,4,5,6,7,42) t=1/8 gap=1/8
v=(1,2,3,4,5,6,7,43) t=1/8 gap=1/8
v=(1,2,3,4,5,6,7,44) t=1/8 gap=1/8
v=(1,2,3,4,5,6,7,45) t=1/8 gap=1/8
v=(1,2,3,4,5,6,7,46) t=1/8 gap=1/8
v=(1,2,3,4,5,6,7,47) t=1/8 gap=1/8
v=(1,2,3,4,5,6,7,48) t=6/49 gap=6/49
v=(1,2,3,4,5,6,7,49) t=1/8 gap=1/8
v=(1,2,3,4,5,6,7,50) t=1/8 gap=1/8
v=(1,2,3,4,5,6,8,14) t=7/16 gap=2/16
v=(1,2,3,4,5,6,8,21) t=10/23 gap=3/23
v=(1,2,3,4,5,6,8,28) t=13/30 gap=4/30
v=(1,2,3,4,5,6,9,14) t=2/15 gap=2/15
v=(1,2,3,4,5,6,10,14) t=2/15 gap=2/15
v=(1,2,3,4,5,6,11,14) t=2/15 gap=2/15
v=(1,2,3,4,5,6,12,14) t=2/15 gap=2/15
v=(1,2,3,4,5,6,13,14) t=2/15 gap=2/15
v=(1,2,3,4,5,6,14,15) t=1/8 gap=1/8
v=(1,2,3,4,5,6,14,16) t=2/15 gap=2/15
v=(1,2,3,4,5,6,14,17) t=2/15 gap=2/15
v=(1,2,3,4,5,6,14,18) t=2/15 gap=2/15
v=(1,2,3,4,5,6,14,19) t=2/15 gap=2/15
v=(1,2,3,4,5,6,14,20) t=2/15 gap=2/15
v=(1,2,3,4,5,6,14,21) t=2/15 gap=2/15
v=(1,2,3,4,5,6,14,22) t=3/23 gap=3/23
v=(1,2,3,4,5,6,14,23) t=1/8 gap=1/8
v=(1,2,3,4,5,6,14,24) t=2/15 gap=2/15
v=(1,2,3,4,5,6,14,25) t=2/15 gap=2/15
v=(1,2,3,4,5,6,14,26) t=2/15 gap=2/15
v=(1,2,3,4,5,6,14,27) t=2/15 gap=2/15
v=(1,2,3,4,5,6,14,28) t=2/15 gap=2/15
v=(1,2,3,4,5,6,14,29) t=2/15 gap=2/15
v=(1,2,3,4,5,6,14,30) t=4/31 gap=4/31
v=(1,2,3,4,5,6,14,31) t=2/15 gap=2/15
v=(1,2,3,4,5,6,14,32) t=2/15 gap=2/15
v=(1,2,3,4,5,6,14,33) t=2/15 gap=2/15
v=(1,2,3,4,5,6,14,34) t=2/15 gap=2/15
v=(1,2,3,4,5,6,14,35) t=2/15 gap=2/15
v=(1,2,3,4,5,6,14,36) t=2/15 gap=2/15
v=(1,2,3,4,5,6,14,37) t=5/38 gap=5/38
v=(1,2,3,4,5,6,14,38) t=5/39 gap=5/39
v=(1,2,3,4,5,6,14,39) t=2/15 gap=2/15
v=(1,2,3,4,5,6,14,40) t=2/15 gap=2/15
v=(1,2,3,4,5,6,14,41) t=2/15 gap=2/15
v=(1,2,3,4,5,6,14,42) t=2/15 gap=2/15
v=(1,2,3,4,5,6,14,43) t=2/15 gap=2/15
v=(1,2,3,4,5,6,14,44) t=2/15 gap=2/15
v=(1,2,3,4,5,6,14,45) t=6/46 gap=6/46
v=(1,2,3,4,5,6,14,46) t=2/15 gap=2/15
v=(1,2,3,4,5,6,14,47) t=2/15 gap=2/15
v=(1,2,3,4,5,6,14,48) t=2/15 gap=2/15
v=(1,2,3,4,5,6,14,49) t=2/15 gap=2/15
v=(1,2,3,4,5,6,14,50) t=2/15 gap=2/15
v=(1,2,3,4,5,6,15,21) t=10/23 gap=3/23
v=(1,2,3,4,5,6,15,28) t=13/30 gap=4/30
v=(1,2,3,4,5,6,21,22) t=3/23 gap=3/23
v=(1,2,3,4,5,6,21,29) t=4/30 gap=4/30
v=(1,2,3,4,5,6,21,30) t=4/31 gap=4/31
v=(1,2,3,4,5,6,21,37) t=5/38 gap=5/38
v=(1,2,3,4,5,6,21,44) t=6/45 gap=6/45
v=(1,2,3,4,5,6,22,28) t=13/30 gap=4/30
v=(1,2,3,4,5,6,28,29) t=4/30 gap=4/30
v=(1,2,3,4,5,6,28,37) t=5/38 gap=5/38
v=(1,2,3,4,5,6,28,44) t=6/45 gap=6/45
v=(1,2,3,4,5,6,35,44) t=6/45 gap=6/45
v=(1,2,3,4,5,7,8,12) t=3/17 gap=2/17
v=(1,2,3,4,5,7,8,18) t=4/23 gap=3/23
v=(1,2,3,4,5,7,9,12) t=1/8 gap=1/8
v=(1,2,3,4,5,7,9,18) t=4/23 gap=3/23
v=(1,2,3,4,5,7,10,12) t=1/8 gap=1/8
v=(1,2,3,4,5,7,10,18) t=4/23 gap=3/23
v=(1,2,3,4,5,7,11,12) t=1/8 gap=1/8
v=(1,2,3,4,5,7,11,18) t=1/8 gap=1/8
v=(1,2,3,4,5,7,11,24) t=5/31 gap=4/31
v=(1,2,3,4,5,7,12,13) t=1/8 gap=1/8
v=(1,2,3,4,5,7,12,14) t=1/8 gap=1/8
v=(1,2,3,4,5,7,12,15) t=1/8 gap=1/8
v=(1,2,3,4,5,7,12,16) t=2/17 gap=2/17
v=(1,2,3,4,5,7,12,17) t=1/8 gap=1/8
v=(1,2,3,4,5,7,12,18) t=1/8 gap=1/8
v=(1,2,3,4,5,7,12,19) t=1/8 gap=1/8
v=(1,2,3,4,5,7,12,20) t=1/8 gap=1/8
v=(1,2,3,4,5,7,12,21) t=1/8 gap=1/8
v=(1,2,3,4,5,7,12,22) t=1/8 gap=1/8
v=(1,2,3,4,5,7,12,23) t=1/8 gap=1/8
v=(1,2,3,4,5,7,12,24) t=3/25 gap=3/25
v=(1,2,3,4,5,7,12,25) t=1/8 gap=1/8
v=(1,2,3,4,5,7,12,26) t=1/8 gap=1/8
v=(1,2,3,4,5,7,12,27) t=1/8 gap=1/8
v=(1,2,3,4,5,7,12,28) t=1/8 gap=1/8
v=(1,2,3,4,5,7,12,29) t=1/8 gap=1/8
v=(1,2,3,4,5,7,12,30) t=1/8 gap=1/8
v=(1,2,3,4,5,7,12,31) t=1/8 gap=1/8
v=(1,2,3,4,5,7,12,32) t=4/33 gap=4/33
v=(1,2,3,4,5,7,12,33) t=1/8 gap=1/8
v=(1,2,3,4,5,7,12,34) t=1/8 gap=1/8
v=(1,2,3,4,5,7,12,35) t=1/8 gap=1/8
v=(1,2,3,4,5,7,12,36) t=1/8 gap=1/8
v=(1,2,3,4,5,7,12,37) t=1/8 gap=1/8
v=(1,2,3,4,5,7,12,38) t=1/8 gap=1/8
v=(1,2,3,4,5,7,12,39) t=1/8 gap=1/8
v=(1,2,3,4,5,7,12,40) t=5/41 gap=5/41
v=(1,2,3,4,5,7,12,41) t=1/8 gap=1/8
v=(1,2,3,4,5,7,12,42) t=1/8 gap=1/8
v=(1,2,3,4,5,7,12,43) t=1/8 gap=1/8
v=(1,2,3,4,5,7,12,44) t=1/8 gap=1/8
v=(1,2,3,4,5,7,12,45) t=1/8 gap=1/8
v=(1,2,3,4,5,7,12,46) t=1/8 gap=1/8
v=(1,2,3,4,5,7,12,47) t=1/8 gap=1/8
v=(1,2,3,4,5,7,12,48) t=6/49 gap=6/49
v=(1,2,3,4,5,7,12,49) t=1/8 gap=1/8
v=(1,2,3,4,5,7,12,50) t=1/8 gap=1/8
v=(1,2,3,4,5,7,13,18) t=4/23 gap=3/23
v=(1,2,3,4,5,7,14,18) t=4/23 gap=3/23
v=(1,2,3,4,5,7,15,18) t=4/23 gap=3/23
v=(1,2,3,4,5,7,16,18) t=4/23 gap=3/23
v=(1,2,3,4,5,7,17,18) t=1/8 gap=1/8
v=(1,2,3,4,5,7,17,24) t=5/31 gap=4/31
v=(1,2,3,4,5,7,18,19) t=4/23 gap=3/23
v=(1,2,3,4,5,7,18,20) t=4/23 gap=3/23
v=(1,2,3,4,5,7,18,21) t=4/23 gap=3/23
v=(1,2,3,4,5,7,18,22) t=4/23 gap=3/23
v=(1,2,3,4,5,7,18,23) t=1/8 gap=1/8
v=(1,2,3,4,5,7,18,24) t=4/23 gap=3/23
v=(1,2,3,4,5,7,18,25) t=4/23 gap=3/23
v=(1,2,3,4,5,7,18,26) t=4/23 gap=3/23
v=(1,2,3,4,5,7,18,27) t=4/23 gap=3/23
v=(1,2,3,4,5,7,18,28) t=4/23 gap=3/23
v=(1,2,3,4,5,7,18,29) t=1/8 gap=1/8
v=(1,2,3,4,5,7,18,30) t=4/23 gap=3/23
v=(1,2,3,4,5,7,18,31) t=4/23 gap=3/23
v=(1,2,3,4,5,7,18,32) t=4/23 gap=3/23
v=(1,2,3,4,5,7,18,33) t=4/23 gap=3/23
v=(1,2,3,4,5,7,18,34) t=1/8 gap=1/8
v=(1,2,3,4,5,7,18,35) t=1/8 gap=1/8
v=(1,2,3,4,5,7,18,36) t=4/23 gap=3/23
v=(1,2,3,4,5,7,18,37) t=4/23 gap=3/23
v=(1,2,3,4,5,7,18,38) t=4/23 gap=3/23
v=(1,2,3,4,5,7,18,39) t=4/23 gap=3/23
v=(1,2,3,4,5,7,18,40) t=5/41 gap=5/41
v=(1,2,3,4,5,7,18,41) t=4/23 gap=3/23
v=(1,2,3,4,5,7,18,42) t=8/46 gap=6/46
v=(1,2,3,4,5,7,18,43) t=8/46 gap=6/46
v=(1,2,3,4,5,7,18,44) t=8/46 gap=6/46
v=(1,2,3,4,5,7,18,45) t=8/46 gap=6/46
v=(1,2,3,4,5,7,18,46) t=1/8 gap=1/8
v=(1,2,3,4,5,7,18,47) t=8/46 gap=6/46
v=(1,2,3,4,5,7,18,48) t=8/46 gap=6/46
v=(1,2,3,4,5,7,18,49) t=8/46 gap=6/46
v=(1,2,3,4,5,7,18,50) t=8/46 gap=6/46
v=(1,2,3,4,5,7,23,24) t=5/31 gap=4/31
v=(1,2,3,4,5,7,24,29) t=5/31 gap=4/31
v=(1,2,3,4,5,7,24,35) t=5/31 gap=4/31
v=(1,2,3,4,5,7,24,40) t=5/31 gap=4/31
v=(1,2,3,4,5,7,24,41) t=4/23 gap=3/23
v=(1,2,3,4,5,7,24,46) t=5/31 gap=4/31
v=(1,2,3,4,5,12,13,14) t=2/15 gap=2/15
v=(1,2,3,4,5,12,14,19) t=2/15 gap=2/15
v=(1,2,3,4,5,12,14,20) t=2/15 gap=2/15
v=(1,2,3,4,5,12,14,26) t=2/15 gap=2/15
v=(1,2,3,4,5,12,14,32) t=2/15 gap=2/15
v=(1,2,3,4,5,12,14,33) t=2/15 gap=2/15
v=(1,2,3,4,5,12,14,39) t=2/15 gap=2/15
v=(1,2,3,4,5,13,14,18) t=2/15 gap=2/15
v=(1,2,3,4,5,14,18,19) t=2/15 gap=2/15
v=(1,2,3,4,5,14,18,32) t=2/15 gap=2/15
v=(1,2,3,5,6,7,8,9) t=4/15 gap=2/15
v=(1,2,3,5,6,7,8,13) t=4/15 gap=2/15
v=(1,2,3,5,6,7,8,22) t=4/15 gap=2/15
v=(1,2,3,5,6,7,8,26) t=7/31 gap=4/31
v=(1,2,3,5,6,8,14,22) t=4/15 gap=2/15
v=(1,2,3,5,7,8,9,12) t=4/15 gap=2/15
v=(1,2,3,5,7,8,9,18) t=4/15 gap=2/15
v=(1,2,3,5,7,8,12,13) t=4/15 gap=2/15
v=(1,2,3,5,7,8,12,22) t=4/15 gap=2/15
v=(1,2,3,5,7,8,12,26) t=7/31 gap=4/31
v=(1,2,3,5,7,8,13,18) t=4/15 gap=2/15
v=(1,2,3,5,7,8,17,18) t=4/15 gap=2/15
v=(1,2,3,5,7,8,18,22) t=4/15 gap=2/15
v=(1,2,3,5,7,8,18,26) t=4/23 gap=3/23
v=(1,2,3,5,7,8,18,30) t=4/23 gap=3/23
v=(1,2,3,5,7,8,18,39) t=4/15 gap=2/15
v=(1,2,3,5,7,8,18,43) t=12/45 gap=6/45
v=(1,2,3,5,7,9,12,34) t=11/46 gap=6/46
v=(1,2,3,5,7,9,12,38) t=4/15 gap=2/15
v=(1,2,3,5,7,11,12,13) t=6/23 gap=3/23
v=(1,2,3,5,7,12,13,15) t=3/24 gap=3/24
v=(1,2,3,5,7,12,13,19) t=3/24 gap=3/24
v=(1,2,3,5,7,12,13,23) t=4/15 gap=2/15
v=(1,2,3,5,7,12,13,34) t=12/46 gap=6/46
v=(1,2,3,5,7,12,13,38) t=4/15 gap=2/15
v=(1,2,3,5,7,12,22,34) t=6/23 gap=3/23
v=(1,2,3,5,7,12,22,38) t=4/15 gap=2/15
v=(1,2,3,5,7,12,26,34) t=6/23 gap=3/23
v=(1,2,3,5,7,12,26,38) t=7/31 gap=4/31
v=(1,2,3,5,7,12,26,42) t=7/31 gap=4/31
v=(1,2,3,5,7,12,34,35) t=11/46 gap=6/46
v=(1,2,3,5,7,12,34,48) t=12/53 gap=7/53
v=(1,2,3,5,11,12,13,14) t=2/15 gap=2/15
v=(1,2,3,6,7,8,9,10) t=4/15 gap=2/15
v=(1,2,3,10,11,12,13,14) t=2/15 gap=2/15
v=(1,2,3,11,12,13,14,15) t=3/24 gap=3/24
v=(1,2,3,11,12,13,14,20) t=2/15 gap=2/15
v=(1,2,4,5,6,7,8,39) t=14/45 gap=6/45
v=(1,2,4,5,6,7,10,11) t=1/8 gap=1/8
v=(1,2,4,5,6,7,11,13) t=1/8 gap=1/8
v=(1,2,4,5,6,7,11,16) t=7/23 gap=3/23
v=(1,2,4,5,6,7,11,26) t=1/8 gap=1/8
v=(1,2,4,5,6,7,11,39) t=14/45 gap=6/45
v=(1,2,4,5,6,7,14,16) t=11/30 gap=4/30
v=(1,2,4,5,6,7,19,39) t=16/45 gap=6/45
v=(1,2,4,5,6,8,10,14) t=5/16 gap=2/16
v=(1,2,4,5,6,8,10,28) t=13/30 gap=4/30
v=(1,2,4,5,6,10,11,14) t=2/15 gap=2/15
v=(1,2,4,5,6,10,14,16) t=2/15 gap=2/15
v=(1,2,4,5,6,10,14,19) t=2/15 gap=2/15
v=(1,2,4,5,6,10,14,27) t=2/15 gap=2/15
v=(1,2,4,5,6,13,14,27) t=2/15 gap=2/15
v=(1,2,4,5,6,14,16,20) t=2/15 gap=2/15
v=(1,2,4,6,7,8,10,14) t=3/16 gap=2/16
v=(1,2,4,6,7,8,10,28) t=3/16 gap=2/16
v=(1,2,4,6,7,8,10,42) t=10/46 gap=6/46
v=(1,2,4,6,8,10,12,14) t=3/16 gap=2/16
v=(1,2,4,6,8,10,12,28) t=13/30 gap=4/30
v=(1,2,4,6,8,10,14,17) t=13/31 gap=4/31
v=(1,2,4,6,8,10,14,24) t=3/16 gap=2/16
v=(1,2,4,6,8,10,14,36) t=19/46 gap=6/46
v=(1,2,5,6,7,8,9,39) t=4/15 gap=2/15
v=(1,2,5,6,7,8,11,13) t=6/17 gap=2/17
v=(1,2,5,6,7,8,11,26) t=7/31 gap=4/31
v=(1,2,5,6,7,8,13,14) t=4/15 gap=2/15
v=(1,2,5,6,7,8,13,17) t=4/15 gap=2/15
v=(1,2,5,6,7,8,13,25) t=4/15 gap=2/15
v=(1,2,5,6,7,8,13,28) t=4/15 gap=2/15
v=(1,2,5,6,7,8,13,31) t=8/30 gap=4/30
v=(1,2,5,6,7,8,13,39) t=4/15 gap=2/15
v=(1,2,5,6,7,8,13,42) t=4/15 gap=2/15
v=(1,2,5,6,7,8,13,45) t=19/53 gap=7/53
v=(1,2,5,6,7,8,14,26) t=7/31 gap=4/31
v=(1,2,5,6,7,8,17,26) t=7/31 gap=4/31
v=(1,2,5,6,7,8,18,39) t=12/45 gap=6/45
v=(1,2,5,6,7,8,22,39) t=12/45 gap=6/45
v=(1,2,5,6,7,8,25,26) t=7/31 gap=4/31
v=(1,2,5,6,7,8,26,28) t=7/31 gap=4/31
v=(1,2,5,6,7,8,26,31) t=14/39 gap=5/39
v=(1,2,5,6,7,8,26,39) t=16/45 gap=6/45
v=(1,2,5,6,7,8,26,42) t=7/31 gap=4/31
v=(1,2,5,6,7,8,26,45) t=19/53 gap=7/53
v=(1,2,5,6,7,8,31,39) t=8/30 gap=4/30
v=(1,2,5,6,7,8,35,39) t=8/30 gap=4/30
v=(1,2,5,6,7,8,39,40) t=12/45 gap=6/45
v=(1,2,5,6,7,8,39,44) t=12/45 gap=6/45
v=(1,2,5,6,7,8,39,48) t=12/45 gap=6/45
v=(1,2,5,6,7,11,12,13) t=6/23 gap=3/23
v=(1,2,5,6,8,10,14,22) t=4/15 gap=2/15
v=(1,2,6,7,8,9,10,11) t=5/16 gap=2/16
v=(1,2,6,7,8,9,10,14) t=4/15 gap=2/15
v=(1,2,6,7,8,9,10,17) t=4/15 gap=2/15
v=(1,2,6,7,8,9,10,25) t=4/15 gap=2/15
v=(1,2,6,7,8,9,10,28) t=8/30 gap=4/30
v=(1,2,6,7,8,9,10,31) t=8/30 gap=4/30
v=(1,2,6,7,8,9,10,39) t=4/15 gap=2/15
v=(1,2,6,7,8,9,10,42) t=4/15 gap=2/15
v=(1,2,6,7,8,9,10,45) t=19/53 gap=7/53
v=(1,2,6,7,8,10,13,14) t=4/15 gap=2/15
v=(1,2,6,7,8,10,14,22) t=4/15 gap=2/15
v=(1,2,6,8,10,12,14,22) t=4/15 gap=2/15
v=(1,2,6,8,10,14,17,22) t=4/15 gap=2/15
v=(1,2,6,8,10,14,19,22) t=7/30 gap=4/30
v=(1,2,6,8,10,14,22,24) t=4/15 gap=2/15
v=(1,2,6,8,10,14,22,31) t=4/15 gap=2/15
v=(1,2,6,8,10,14,22,36) t=4/15 gap=2/15
v=(1,2,6,8,10,14,22,48) t=4/15 gap=2/15
v=(1,2,6,8,10,14,26,36) t=19/46 gap=6/46
v=(1,2,6,8,10,26,28,36) t=13/30 gap=4/30
v=(1,2,6,10,11,12,13,14) t=2/15 gap=2/15
v=(1,2,6,11,12,13,14,20) t=2/15 gap=2/15
v=(1,2,8,10,12,14,20,22) t=4/15 gap=2/15
v=(1,2,8,10,12,14,22,26) t=3/16 gap=2/16
v=(1,2,8,10,12,14,22,32) t=4/15 gap=2/15
v=(1,2,11,12,13,14,19,20) t=2/15 gap=2/15
v=(1,2,11,12,13,14,20,22) t=3/23 gap=3/23
v=(1,2,11,12,13,14,20,25) t=2/15 gap=2/15
v=(1,2,11,12,13,14,20,28) t=2/15 gap=2/15
v=(1,2,11,12,13,14,20,50) t=2/15 gap=2/15
v=(1,3,4,5,6,7,8,11) t=7/15 gap=2/15
v=(1,3,4,5,6,7,9,11) t=7/15 gap=2/15
v=(1,3,4,5,6,7,9,13) t=1/8 gap=1/8
v=(1,3,4,5,6,7,9,15) t=1/8 gap=1/8
v=(1,3,4,5,6,7,9,26) t=14/30 gap=4/30
v=(1,3,4,5,6,7,10,11) t=7/15 gap=2/15
v=(1,3,4,5,6,7,11,12) t=7/15 gap=2/15
v=(1,3,4,5,6,7,11,13) t=1/8 gap=1/8
v=(1,3,4,5,6,7,11,14) t=7/15 gap=2/15
v=(1,3,4,5,6,7,11,15) t=1/8 gap=1/8
v=(1,3,4,5,6,7,11,16) t=7/15 gap=2/15
v=(1,3,4,5,6,7,11,17) t=1/8 gap=1/8
v=(1,3,4,5,6,7,11,18) t=7/15 gap=2/15
v=(1,3,4,5,6,7,11,19) t=7/15 gap=2/15
v=(1,3,4,5,6,7,11,20) t=7/15 gap=2/15
v=(1,3,4,5,6,7,11,21) t=7/15 gap=2/15
v=(1,3,4,5,6,7,11,22) t=7/15 gap=2/15
v=(1,3,4,5,6,7,11,23) t=7/15 gap=2/15
v=(1,3,4,5,6,7,11,24) t=7/15 gap=2/15
v=(1,3,4,5,6,7,11,25) t=7/15 gap=2/15
v=(1,3,4,5,6,7,11,26) t=7/15 gap=2/15
v=(1,3,4,5,6,7,11,27) t=14/30 gap=4/30
v=(1,3,4,5,6,7,11,28) t=1/8 gap=1/8
v=(1,3,4,5,6,7,11,29) t=14/30 gap=4/30
v=(1,3,4,5,6,7,11,30) t=1/8 gap=1/8
v=(1,3,4,5,6,7,11,31) t=14/30 gap=4/30
v=(1,3,4,5,6,7,11,32) t=4/33 gap=4/33
v=(1,3,4,5,6,7,11,33) t=14/30 gap=4/30
v=(1,3,4,5,6,7,11,34) t=7/15 gap=2/15
v=(1,3,4,5,6,7,11,35) t=7/15 gap=2/15
v=(1,3,4,5,6,7,11,36) t=7/15 gap=2/15
v=(1,3,4,5,6,7,11,37) t=7/15 gap=2/15
v=(1,3,4,5,6,7,11,38) t=7/15 gap=2/15
v=(1,3,4,5,6,7,11,39) t=7/15 gap=2/15
v=(1,3,4,5,6,7,11,40) t=7/15 gap=2/15
v=(1,3,4,5,6,7,11,41) t=7/15 gap=2/15
v=(1,3,4,5,6,7,11,42) t=21/45 gap=6/45
v=(1,3,4,5,6,7,11,43) t=22/47 gap=6/47
v=(1,3,4,5,6,7,11,44) t=21/45 gap=6/45
v=(1,3,4,5,6,7,11,45) t=1/8 gap=1/8
v=(1,3,4,5,6,7,11,46) t=21/45 gap=6/45
v=(1,3,4,5,6,7,11,47) t=1/8 gap=1/8
v=(1,3,4,5,6,7,11,48) t=21/45 gap=6/45
v=(1,3,4,5,6,7,11,49) t=7/15 gap=2/15
v=(1,3,4,5,6,7,11,50) t=7/15 gap=2/15
v=(1,3,4,5,6,7,13,18) t=14/31 gap=4/31
v=(1,3,4,5,6,7,13,20) t=1/8 gap=1/8
v=(1,3,4,5,6,7,13,29) t=1/8 gap=1/8
v=(1,3,4,5,6,7,13,31) t=17/38 gap=5/38
v=(1,3,4,5,6,7,13,40) t=21/47 gap=6/47
v=(1,3,4,5,6,7,13,49) t=28/62 gap=8/62
v=(1,3,4,5,6,7,20,26) t=14/30 gap=4/30
v=(1,3,4,5,6,9,11,14) t=2/15 gap=2/15
v=(1,3,4,5,6,9,13,14) t=2/15 gap=2/15
v=(1,3,4,5,6,9,14,15) t=1/8 gap=1/8
v=(1,3,4,5,6,9,14,26) t=2/15 gap=2/15
v=(1,3,4,5,6,9,15,21) t=1/8 gap=1/8
v=(1,3,4,5,6,9,15,28) t=9/31 gap=4/31
v=(1,3,4,5,6,9,15,35) t=11/38 gap=5/38
v=(1,3,4,5,6,9,15,42) t=13/45 gap=6/45
v=(1,3,4,5,6,9,22,28) t=3/23 gap=3/23
v=(1,3,4,5,6,9,28,37) t=5/38 gap=5/38
v=(1,3,4,5,6,11,14,16) t=2/15 gap=2/15
v=(1,3,4,5,6,11,14,18) t=2/15 gap=2/15
v=(1,3,4,5,6,11,14,25) t=2/15 gap=2/15
v=(1,3,4,5,6,11,14,34) t=2/15 gap=2/15
v=(1,3,4,5,6,11,14,50) t=2/15 gap=2/15
v=(1,3,4,5,6,13,14,18) t=2/15 gap=2/15
v=(1,3,4,5,7,8,11,12) t=7/15 gap=2/15
v=(1,3,4,5,7,8,11,18) t=7/15 gap=2/15
v=(1,3,4,5,7,8,11,24) t=7/15 gap=2/15
v=(1,3,4,5,7,8,13,18) t=4/23 gap=3/23
v=(1,3,4,5,7,9,11,12) t=7/15 gap=2/15
v=(1,3,4,5,7,9,11,18) t=7/15 gap=2/15
v=(1,3,4,5,7,9,11,24) t=7/15 gap=2/15
v=(1,3,4,5,7,9,12,13) t=1/8 gap=1/8
v=(1,3,4,5,7,9,12,15) t=1/8 gap=1/8
v=(1,3,4,5,7,9,12,26) t=7/15 gap=2/15
v=(1,3,4,5,7,9,13,18) t=4/23 gap=3/23
v=(1,3,4,5,7,9,15,18) t=4/23 gap=3/23
v=(1,3,4,5,7,9,17,24) t=5/31 gap=4/31
v=(1,3,4,5,7,9,18,26) t=7/15 gap=2/15
v=(1,3,4,5,7,9,24,41) t=21/45 gap=6/45
v=(1,3,4,5,7,10,11,12) t=7/15 gap=2/15
v=(1,3,4,5,7,10,11,18) t=7/15 gap=2/15
v=(1,3,4,5,7,10,11,24) t=7/15 gap=2/15
v=(1,3,4,5,7,10,13,18) t=4/23 gap=3/23
v=(1,3,4,5,7,11,12,13) t=1/8 gap=1/8
v=(1,3,4,5,7,11,12,14) t=7/15 gap=2/15
v=(1,3,4,5,7,11,12,15) t=1/8 gap=1/8
v=(1,3,4,5,7,11,12,16) t=7/15 gap=2/15
v=(1,3,4,5,7,11,12,17) t=1/8 gap=1/8
v=(1,3,4,5,7,11,12,18) t=7/15 gap=2/15
v=(1,3,4,5,7,11,12,19) t=7/15 gap=2/15
v=(1,3,4,5,7,11,12,20) t=7/15 gap=2/15
v=(1,3,4,5,7,11,12,21) t=7/15 gap=2/15
v=(1,3,4,5,7,11,12,22) t=7/15 gap=2/15
v=(1,3,4,5,7,11,12,23) t=7/15 gap=2/15
v=(1,3,4,5,7,11,12,24) t=7/15 gap=2/15
v=(1,3,4,5,7,11,12,25) t=7/15 gap=2/15
v=(1,3,4,5,7,11,12,26) t=7/15 gap=2/15
v=(1,3,4,5,7,11,12,27) t=7/15 gap=2/15
v=(1,3,4,5,7,11,12,28) t=1/8 gap=1/8
v=(1,3,4,5,7,11,12,29) t=14/30 gap=4/30
v=(1,3,4,5,7,11,12,30) t=1/8 gap=1/8
v=(1,3,4,5,7,11,12,31) t=14/30 gap=4/30
v=(1,3,4,5,7,11,12,32) t=4/33 gap=4/33
v=(1,3,4,5,7,11,12,33) t=7/15 gap=2/15
v=(1,3,4,5,7,11,12,34) t=7/15 gap=2/15
v=(1,3,4,5,7,11,12,35) t=7/15 gap=2/15
v=(1,3,4,5,7,11,12,36) t=7/15 gap=2/15
v=(1,3,4,5,7,11,12,37) t=7/15 gap=2/15
v=(1,3,4,5,7,11,12,38) t=7/15 gap=2/15
v=(1,3,4,5,7,11,12,39) t=7/15 gap=2/15
v=(1,3,4,5,7,11,12,40) t=7/15 gap=2/15
v=(1,3,4,5,7,11,12,41) t=7/15 gap=2/15
v=(1,3,4,5,7,11,12,42) t=7/15 gap=2/15
v=(1,3,4,5,7,11,12,43) t=22/47 gap=6/47
v=(1,3,4,5,7,11,12,44) t=21/45 gap=6/45
v=(1,3,4,5,7,11,12,45) t=1/8 gap=1/8
v=(1,3,4,5,7,11,12,46) t=21/45 gap=6/45
v=(1,3,4,5,7,11,12,47) t=1/8 gap=1/8
v=(1,3,4,5,7,11,12,48) t=7/15 gap=2/15
v=(1,3,4,5,7,11,12,49) t=7/15 gap=2/15
v=(1,3,4,5,7,11,12,50) t=7/15 gap=2/15
v=(1,3,4,5,7,11,13,18) t=1/8 gap=1/8
v=(1,3,4,5,7,11,13,24) t=3/25 gap=3/25
v=(1,3,4,5,7,11,13,30) t=1/8 gap=1/8
v=(1,3,4,5,7,11,13,36) t=8/47 gap=6/47
v=(1,3,4,5,7,11,13,42) t=9/53 gap=7/53
v=(1,3,4,5,7,11,14,18) t=7/15 gap=2/15
v=(1,3,4,5,7,11,14,24) t=7/15 gap=2/15
v=(1,3,4,5,7,11,15,18) t=1/8 gap=1/8
v=(1,3,4,5,7,11,15,24) t=5/31 gap=4/31
v=(1,3,4,5,7,11,16,18) t=7/15 gap=2/15
v=(1,3,4,5,7,11,16,24) t=7/15 gap=2/15
v=(1,3,4,5,7,11,17,18) t=1/8 gap=1/8
v=(1,3,4,5,7,11,17,24) t=5/31 gap=4/31
v=(1,3,4,5,7,11,18,19) t=7/15 gap=2/15
v=(1,3,4,5,7,11,18,20) t=7/15 gap=2/15
v=(1,3,4,5,7,11,18,21) t=7/15 gap=2/15
v=(1,3,4,5,7,11,18,22) t=7/15 gap=2/15
v=(1,3,4,5,7,11,18,23) t=7/15 gap=2/15
v=(1,3,4,5,7,11,18,24) t=7/15 gap=2/15
v=(1,3,4,5,7,11,18,25) t=7/15 gap=2/15
v=(1,3,4,5,7,11,18,26) t=7/15 gap=2/15
v=(1,3,4,5,7,11,18,27) t=7/15 gap=2/15
v=(1,3,4,5,7,11,18,28) t=1/8 gap=1/8
v=(1,3,4,5,7,11,18,29) t=14/30 gap=4/30
v=(1,3,4,5,7,11,18,30) t=1/8 gap=1/8
v=(1,3,4,5,7,11,18,31) t=14/30 gap=4/30
v=(1,3,4,5,7,11,18,32) t=4/33 gap=4/33
v=(1,3,4,5,7,11,18,33) t=7/15 gap=2/15
v=(1,3,4,5,7,11,18,34) t=7/15 gap=2/15
v=(1,3,4,5,7,11,18,35) t=7/15 gap=2/15
v=(1,3,4,5,7,11,18,36) t=7/15 gap=2/15
v=(1,3,4,5,7,11,18,37) t=7/15 gap=2/15
v=(1,3,4,5,7,11,18,38) t=7/15 gap=2/15
v=(1,3,4,5,7,11,18,39) t=7/15 gap=2/15
v=(1,3,4,5,7,11,18,40) t=7/15 gap=2/15
v=(1,3,4,5,7,11,18,41) t=7/15 gap=2/15
v=(1,3,4,5,7,11,18,42) t=7/15 gap=2/15
v=(1,3,4,5,7,11,18,43) t=22/47 gap=6/47
v=(1,3,4,5,7,11,18,44) t=21/45 gap=6/45
v=(1,3,4,5,7,11,18,45) t=1/8 gap=1/8
v=(1,3,4,5,7,11,18,46) t=21/45 gap=6/45
v=(1,3,4,5,7,11,18,47) t=1/8 gap=1/8
v=(1,3,4,5,7,11,18,48) t=7/15 gap=2/15
v=(1,3,4,5,7,11,18,49) t=7/15 gap=2/15
v=(1,3,4,5,7,11,18,50) t=7/15 gap=2/15
v=(1,3,4,5,7,11,19,24) t=7/15 gap=2/15
v=(1,3,4,5,7,11,19,30) t=1/8 gap=1/8
v=(1,3,4,5,7,11,19,36) t=7/15 gap=2/15
v=(1,3,4,5,7,11,19,42) t=21/45 gap=6/45
v=(1,3,4,5,7,11,20,24) t=7/15 gap=2/15
v=(1,3,4,5,7,11,21,24) t=7/15 gap=2/15
v=(1,3,4,5,7,11,22,24) t=7/15 gap=2/15
v=(1,3,4,5,7,11,23,24) t=7/15 gap=2/15
v=(1,3,4,5,7,11,24,25) t=7/15 gap=2/15
v=(1,3,4,5,7,11,24,26) t=7/15 gap=2/15
v=(1,3,4,5,7,11,24,27) t=14/30 gap=4/30
v=(1,3,4,5,7,11,24,28) t=5/31 gap=4/31
v=(1,3,4,5,7,11,24,29) t=14/30 gap=4/30
v=(1,3,4,5,7,11,24,30) t=5/31 gap=4/31
v=(1,3,4,5,7,11,24,31) t=14/30 gap=4/30
v=(1,3,4,5,7,11,24,32) t=5/31 gap=4/31
v=(1,3,4,5,7,11,24,33) t=14/30 gap=4/30
v=(1,3,4,5,7,11,24,34) t=7/15 gap=2/15
v=(1,3,4,5,7,11,24,35) t=7/15 gap=2/15
v=(1,3,4,5,7,11,24,36) t=7/15 gap=2/15
v=(1,3,4,5,7,11,24,37) t=7/15 gap=2/15
v=(1,3,4,5,7,11,24,38) t=7/15 gap=2/15
v=(1,3,4,5,7,11,24,39) t=7/15 gap=2/15
v=(1,3,4,5,7,11,24,40) t=7/15 gap=2/15
v=(1,3,4,5,7,11,24,41) t=7/15 gap=2/15
v=(1,3,4,5,7,11,24,42) t=21/45 gap=6/45
v=(1,3,4,5,7,11,24,43) t=22/47 gap=6/47
v=(1,3,4,5,7,11,24,44) t=21/45 gap=6/45
v=(1,3,4,5,7,11,24,45) t=5/31 gap=4/31
v=(1,3,4,5,7,11,24,46) t=21/45 gap=6/45
v=(1,3,4,5,7,11,24,47) t=5/31 gap=4/31
v=(1,3,4,5,7,11,24,48) t=21/45 gap=6/45
v=(1,3,4,5,7,11,24,49) t=7/15 gap=2/15
v=(1,3,4,5,7,11,24,50) t=7/15 gap=2/15
v=(1,3,4,5,7,11,25,30) t=1/8 gap=1/8
v=(1,3,4,5,7,11,25,36) t=7/15 gap=2/15
v=(1,3,4,5,7,11,25,42) t=21/45 gap=6/45
v=(1,3,4,5,7,11,30,31) t=1/8 gap=1/8
v=(1,3,4,5,7,11,30,37) t=1/8 gap=1/8
v=(1,3,4,5,7,11,30,43) t=1/8 gap=1/8
v=(1,3,4,5,7,11,30,49) t=1/8 gap=1/8
v=(1,3,4,5,7,11,30,50) t=1/8 gap=1/8
v=(1,3,4,5,7,11,31,36) t=14/30 gap=4/30
v=(1,3,4,5,7,11,31,42) t=14/30 gap=4/30
v=(1,3,4,5,7,11,36,37) t=7/15 gap=2/15
v=(1,3,4,5,7,11,36,43) t=8/47 gap=6/47
v=(1,3,4,5,7,11,36,49) t=7/15 gap=2/15
v=(1,3,4,5,7,11,37,42) t=21/45 gap=6/45
v=(1,3,4,5,7,11,42,43) t=9/53 gap=7/53
v=(1,3,4,5,7,11,42,49) t=21/45 gap=6/45
v=(1,3,4,5,7,12,13,18) t=14/31 gap=4/31
v=(1,3,4,5,7,12,13,20) t=1/8 gap=1/8
v=(1,3,4,5,7,12,13,29) t=1/8 gap=1/8
v=(1,3,4,5,7,12,13,31) t=17/38 gap=5/38
v=(1,3,4,5,7,12,13,40) t=21/47 gap=6/47
v=(1,3,4,5,7,12,13,49) t=28/62 gap=8/62
v=(1,3,4,5,7,12,20,26) t=7/15 gap=2/15
v=(1,3,4,5,7,13,14,18) t=4/23 gap=3/23
v=(1,3,4,5,7,13,15,18) t=4/23 gap=3/23
v=(1,3,4,5,7,13,16,18) t=4/23 gap=3/23
v=(1,3,4,5,7,13,17,18) t=14/31 gap=4/31
v=(1,3,4,5,7,13,18,19) t=4/23 gap=3/23
v=(1,3,4,5,7,13,18,20) t=4/23 gap=3/23
v=(1,3,4,5,7,13,18,21) t=4/23 gap=3/23
v=(1,3,4,5,7,13,18,22) t=4/23 gap=3/23
v=(1,3,4,5,7,13,18,23) t=14/31 gap=4/31
v=(1,3,4,5,7,13,18,24) t=4/23 gap=3/23
v=(1,3,4,5,7,13,18,25) t=4/23 gap=3/23
v=(1,3,4,5,7,13,18,26) t=4/23 gap=3/23
v=(1,3,4,5,7,13,18,27) t=4/23 gap=3/23
v=(1,3,4,5,7,13,18,28) t=4/23 gap=3/23
v=(1,3,4,5,7,13,18,29) t=1/8 gap=1/8
v=(1,3,4,5,7,13,18,30) t=4/23 gap=3/23
v=(1,3,4,5,7,13,18,31) t=4/23 gap=3/23
v=(1,3,4,5,7,13,18,32) t=4/23 gap=3/23
v=(1,3,4,5,7,13,18,33) t=4/23 gap=3/23
v=(1,3,4,5,7,13,18,34) t=14/31 gap=4/31
v=(1,3,4,5,7,13,18,35) t=14/31 gap=4/31
v=(1,3,4,5,7,13,18,36) t=4/23 gap=3/23
v=(1,3,4,5,7,13,18,37) t=4/23 gap=3/23
v=(1,3,4,5,7,13,18,38) t=4/23 gap=3/23
v=(1,3,4,5,7,13,18,39) t=4/23 gap=3/23
v=(1,3,4,5,7,13,18,40) t=5/41 gap=5/41
v=(1,3,4,5,7,13,18,41) t=4/23 gap=3/23
v=(1,3,4,5,7,13,18,42) t=8/46 gap=6/46
v=(1,3,4,5,7,13,18,43) t=8/46 gap=6/46
v=(1,3,4,5,7,13,18,44) t=4/23 gap=3/23
v=(1,3,4,5,7,13,18,45) t=8/46 gap=6/46
v=(1,3,4,5,7,13,18,46) t=14/31 gap=4/31
v=(1,3,4,5,7,13,18,47) t=8/46 gap=6/46
v=(1,3,4,5,7,13,18,48) t=4/23 gap=3/23
v=(1,3,4,5,7,13,18,49) t=8/46 gap=6/46
v=(1,3,4,5,7,13,18,50) t=8/46 gap=6/46
v=(1,3,4,5,7,13,24,29) t=3/25 gap=3/25
v=(1,3,4,5,7,13,24,40) t=21/47 gap=6/47
v=(1,3,4,5,7,13,29,30) t=1/8 gap=1/8
v=(1,3,4,5,7,13,29,36) t=1/8 gap=1/8
v=(1,3,4,5,7,13,29,42) t=9/55 gap=7/55
v=(1,3,4,5,7,13,29,48) t=10/61 gap=8/61
v=(1,3,4,5,7,15,18,22) t=4/23 gap=3/23
v=(1,3,4,5,7,15,18,33) t=4/23 gap=3/23
v=(1,3,4,5,7,15,24,29) t=24/53 gap=7/53
v=(1,3,4,5,7,15,24,40) t=5/31 gap=4/31
v=(1,3,4,5,7,17,20,24) t=5/31 gap=4/31
v=(1,3,4,5,7,17,24,29) t=24/53 gap=7/53
v=(1,3,4,5,7,17,24,31) t=17/38 gap=5/38
v=(1,3,4,5,7,17,24,40) t=5/31 gap=4/31
v=(1,3,4,5,7,18,20,26) t=7/15 gap=2/15
v=(1,3,4,5,7,18,22,26) t=7/15 gap=2/15
v=(1,3,4,5,7,18,22,28) t=4/23 gap=3/23
v=(1,3,4,5,7,18,22,41) t=7/15 gap=2/15
v=(1,3,4,5,7,18,26,33) t=7/15 gap=2/15
v=(1,3,4,5,7,18,26,44) t=21/45 gap=6/45
v=(1,3,4,5,7,20,24,41) t=21/45 gap=6/45
v=(1,3,4,5,7,24,26,29) t=14/30 gap=4/30
v=(1,3,4,5,7,24,26,40) t=14/30 gap=4/30
v=(1,3,4,5,7,24,28,29) t=24/53 gap=7/53
v=(1,3,4,5,7,24,28,40) t=5/31 gap=4/31
v=(1,3,4,5,7,24,29,30) t=24/53 gap=7/53
v=(1,3,4,5,7,24,29,41) t=14/30 gap=4/30
v=(1,3,4,5,7,24,29,43) t=24/53 gap=7/53
v=(1,3,4,5,7,24,29,45) t=24/53 gap=7/53
v=(1,3,4,5,7,24,30,40) t=5/31 gap=4/31
v=(1,3,4,5,7,24,31,41) t=14/30 gap=4/30
v=(1,3,4,5,7,24,40,41) t=21/45 gap=6/45
v=(1,3,4,5,7,24,40,43) t=21/47 gap=6/47
v=(1,3,4,5,7,24,40,45) t=32/69 gap=9/69
v=(1,3,4,5,7,31,41,48) t=14/30 gap=4/30
v=(1,3,4,5,8,13,14,18) t=4/23 gap=3/23
v=(1,3,4,5,9,12,13,14) t=2/15 gap=2/15
v=(1,3,4,5,9,12,14,26) t=2/15 gap=2/15
v=(1,3,4,5,9,13,14,18) t=2/15 gap=2/15
v=(1,3,4,5,9,13,29,42) t=4/30 gap=4/30
v=(1,3,4,5,10,13,14,18) t=2/15 gap=2/15
v=(1,3,4,5,11,13,14,18) t=2/15 gap=2/15
v=(1,3,4,5,11,14,18,19) t=2/15 gap=2/15
v=(1,3,4,5,11,14,18,32) t=2/15 gap=2/15
v=(1,3,4,5,12,13,14,18) t=2/15 gap=2/15
v=(1,3,4,5,13,14,15,18) t=4/23 gap=3/23
v=(1,3,4,5,13,14,16,18) t=2/15 gap=2/15
v=(1,3,4,5,13,14,17,18) t=2/15 gap=2/15
v=(1,3,4,5,13,14,18,19) t=2/15 gap=2/15
v=(1,3,4,5,13,14,18,20) t=2/15 gap=2/15
v=(1,3,4,5,13,14,18,21) t=2/15 gap=2/15
v=(1,3,4,5,13,14,18,22) t=3/23 gap=3/23
v=(1,3,4,5,13,14,18,23) t=14/31 gap=4/31
v=(1,3,4,5,13,14,18,24) t=2/15 gap=2/15
v=(1,3,4,5,13,14,18,25) t=2/15 gap=2/15
v=(1,3,4,5,13,14,18,26) t=2/15 gap=2/15
v=(1,3,4,5,13,14,18,27) t=2/15 gap=2/15
v=(1,3,4,5,13,14,18,28) t=2/15 gap=2/15
v=(1,3,4,5,13,14,18,29) t=2/15 gap=2/15
v=(1,3,4,5,13,14,18,30) t=4/23 gap=3/23
v=(1,3,4,5,13,14,18,31) t=2/15 gap=2/15
v=(1,3,4,5,13,14,18,32) t=2/15 gap=2/15
v=(1,3,4,5,13,14,18,33) t=2/15 gap=2/15
v=(1,3,4,5,13,14,18,34) t=2/15 gap=2/15
v=(1,3,4,5,13,14,18,35) t=2/15 gap=2/15
v=(1,3,4,5,13,14,18,36) t=2/15 gap=2/15
v=(1,3,4,5,13,14,18,37) t=5/38 gap=5/38
v=(1,3,4,5,13,14,18,38) t=4/23 gap=3/23
v=(1,3,4,5,13,14,18,39) t=2/15 gap=2/15
v=(1,3,4,5,13,14,18,40) t=2/15 gap=2/15
v=(1,3,4,5,13,14,18,41) t=2/15 gap=2/15
v=(1,3,4,5,13,14,18,42) t=2/15 gap=2/15
v=(1,3,4,5,13,14,18,43) t=2/15 gap=2/15
v=(1,3,4,5,13,14,18,44) t=2/15 gap=2/15
v=(1,3,4,5,13,14,18,45) t=6/46 gap=6/46
v=(1,3,4,5,13,14,18,46) t=2/15 gap=2/15
v=(1,3,4,5,13,14,18,47) t=2/15 gap=2/15
v=(1,3,4,5,13,14,18,48) t=2/15 gap=2/15
v=(1,3,4,5,13,14,18,49) t=2/15 gap=2/15
v=(1,3,4,5,13,14,18,50) t=2/15 gap=2/15
v=(1,3,4,5,13,16,29,42) t=2/15 gap=2/15
v=(1,3,4,5,13,18,21,30) t=4/23 gap=3/23
v=(1,3,4,5,14,18,26,44) t=2/15 gap=2/15
v=(1,3,4,6,7,9,10,13) t=1/8 gap=1/8
v=(1,3,4,7,10,11,13,42) t=9/53 gap=7/53
v=(1,3,4,7,10,11,18,37) t=7/15 gap=2/15
v=(1,3,4,7,10,11,18,42) t=7/15 gap=2/15
v=(1,3,4,7,10,11,31,42) t=14/30 gap=4/30
v=(1,3,5,6,7,8,13,40) t=12/45 gap=6/45
v=(1,3,6,9,12,15,18,21) t=3/24 gap=3/24
v=(1,3,6,9,12,15,18,42) t=13/45 gap=6/45
v=(1,3,6,9,12,15,21,36) t=3/24 gap=3/24
v=(1,3,9,12,15,18,21,33) t=7/45 gap=6/45
v=(1,3,9,12,15,21,33,36) t=7/45 gap=6/45
v=(1,3,12,15,18,21,30,33) t=7/45 gap=6/45
v=(1,3,12,15,18,21,33,39) t=3/24 gap=3/24
v=(1,3,12,15,18,21,33,48) t=7/45 gap=6/45
v=(1,4,5,6,7,8,10,11) t=7/15 gap=2/15
v=(1,4,5,6,7,8,11,13) t=6/17 gap=2/17
v=(1,4,5,6,7,8,11,16) t=7/15 gap=2/15
v=(1,4,5,6,7,8,11,26) t=7/15 gap=2/15
v=(1,4,5,6,7,8,11,39) t=7/15 gap=2/15
v=(1,4,5,6,7,8,13,31) t=17/38 gap=5/38
v=(1,4,5,6,7,9,10,11) t=7/15 gap=2/15
v=(1,4,5,6,7,9,11,13) t=1/8 gap=1/8
v=(1,4,5,6,7,9,11,16) t=7/15 gap=2/15
v=(1,4,5,6,7,9,11,26) t=7/15 gap=2/15
v=(1,4,5,6,7,9,11,39) t=7/15 gap=2/15
v=(1,4,5,6,7,10,11,12) t=7/15 gap=2/15
v=(1,4,5,6,7,10,11,13) t=1/8 gap=1/8
v=(1,4,5,6,7,10,11,14) t=7/15 gap=2/15
v=(1,4,5,6,7,10,11,15) t=1/8 gap=1/8
v=(1,4,5,6,7,10,11,16) t=7/15 gap=2/15
v=(1,4,5,6,7,10,11,17) t=1/8 gap=1/8
v=(1,4,5,6,7,10,11,18) t=7/15 gap=2/15
v=(1,4,5,6,7,10,11,19) t=7/15 gap=2/15
v=(1,4,5,6,7,10,11,20) t=7/15 gap=2/15
v=(1,4,5,6,7,10,11,21) t=7/15 gap=2/15
v=(1,4,5,6,7,10,11,22) t=7/15 gap=2/15
v=(1,4,5,6,7,10,11,23) t=7/15 gap=2/15
v=(1,4,5,6,7,10,11,24) t=7/15 gap=2/15
v=(1,4,5,6,7,10,11,25) t=7/15 gap=2/15
v=(1,4,5,6,7,10,11,26) t=7/15 gap=2/15
v=(1,4,5,6,7,10,11,27) t=7/15 gap=2/15
v=(1,4,5,6,7,10,11,28) t=1/8 gap=1/8
v=(1,4,5,6,7,10,11,29) t=14/30 gap=4/30
v=(1,4,5,6,7,10,11,30) t=1/8 gap=1/8
v=(1,4,5,6,7,10,11,31) t=14/30 gap=4/30
v=(1,4,5,6,7,10,11,32) t=4/33 gap=4/33
v=(1,4,5,6,7,10,11,33) t=7/15 gap=2/15
v=(1,4,5,6,7,10,11,34) t=7/15 gap=2/15
v=(1,4,5,6,7,10,11,35) t=7/15 gap=2/15
v=(1,4,5,6,7,10,11,36) t=7/15 gap=2/15
v=(1,4,5,6,7,10,11,37) t=7/15 gap=2/15
v=(1,4,5,6,7,10,11,38) t=7/15 gap=2/15
v=(1,4,5,6,7,10,11,39) t=7/15 gap=2/15
v=(1,4,5,6,7,10,11,40) t=7/15 gap=2/15
v=(1,4,5,6,7,10,11,41) t=7/15 gap=2/15
v=(1,4,5,6,7,10,11,42) t=7/15 gap=2/15
v=(1,4,5,6,7,10,11,43) t=22/47 gap=6/47
v=(1,4,5,6,7,10,11,44) t=21/45 gap=6/45
v=(1,4,5,6,7,10,11,45) t=1/8 gap=1/8
v=(1,4,5,6,7,10,11,46) t=21/45 gap=6/45
v=(1,4,5,6,7,10,11,47) t=1/8 gap=1/8
v=(1,4,5,6,7,10,11,48) t=7/15 gap=2/15
v=(1,4,5,6,7,10,11,49) t=7/15 gap=2/15
v=(1,4,5,6,7,10,11,50) t=7/15 gap=2/15
v=(1,4,5,6,7,11,12,13) t=1/8 gap=1/8
v=(1,4,5,6,7,11,12,16) t=7/15 gap=2/15
v=(1,4,5,6,7,11,12,26) t=7/15 gap=2/15
v=(1,4,5,6,7,11,12,39) t=7/15 gap=2/15
v=(1,4,5,6,7,11,13,14) t=1/8 gap=1/8
v=(1,4,5,6,7,11,13,15) t=1/8 gap=1/8
v=(1,4,5,6,7,11,13,16) t=2/17 gap=2/17
v=(1,4,5,6,7,11,13,17) t=1/8 gap=1/8
v=(1,4,5,6,7,11,13,18) t=1/8 gap=1/8
v=(1,4,5,6,7,11,13,19) t=1/8 gap=1/8
v=(1,4,5,6,7,11,13,20) t=1/8 gap=1/8
v=(1,4,5,6,7,11,13,21) t=1/8 gap=1/8
v=(1,4,5,6,7,11,13,22) t=1/8 gap=1/8
v=(1,4,5,6,7,11,13,23) t=1/8 gap=1/8
v=(1,4,5,6,7,11,13,24) t=3/25 gap=3/25
v=(1,4,5,6,7,11,13,25) t=1/8 gap=1/8
v=(1,4,5,6,7,11,13,26) t=1/8 gap=1/8
v=(1,4,5,6,7,11,13,27) t=1/8 gap=1/8
v=(1,4,5,6,7,11,13,28) t=1/8 gap=1/8
v=(1,4,5,6,7,11,13,29) t=1/8 gap=1/8
v=(1,4,5,6,7,11,13,30) t=1/8 gap=1/8
v=(1,4,5,6,7,11,13,31) t=1/8 gap=1/8
v=(1,4,5,6,7,11,13,32) t=4/33 gap=4/33
v=(1,4,5,6,7,11,13,33) t=1/8 gap=1/8
v=(1,4,5,6,7,11,13,34) t=1/8 gap=1/8
v=(1,4,5,6,7,11,13,35) t=1/8 gap=1/8
v=(1,4,5,6,7,11,13,36) t=1/8 gap=1/8
v=(1,4,5,6,7,11,13,37) t=1/8 gap=1/8
v=(1,4,5,6,7,11,13,38) t=1/8 gap=1/8
v=(1,4,5,6,7,11,13,39) t=1/8 gap=1/8
v=(1,4,5,6,7,11,13,40) t=5/41 gap=5/41
v=(1,4,5,6,7,11,13,41) t=1/8 gap=1/8
v=(1,4,5,6,7,11,13,42) t=1/8 gap=1/8
v=(1,4,5,6,7,11,13,43) t=1/8 gap=1/8
v=(1,4,5,6,7,11,13,44) t=1/8 gap=1/8
v=(1,4,5,6,7,11,13,45) t=1/8 gap=1/8
v=(1,4,5,6,7,11,13,46) t=1/8 gap=1/8
v=(1,4,5,6,7,11,13,47) t=1/8 gap=1/8
v=(1,4,5,6,7,11,13,48) t=6/49 gap=6/49
v=(1,4,5,6,7,11,13,49) t=1/8 gap=1/8
v=(1,4,5,6,7,11,13,50) t=1/8 gap=1/8
v=(1,4,5,6,7,11,14,16) t=7/15 gap=2/15
v=(1,4,5,6,7,11,14,26) t=7/15 gap=2/15
v=(1,4,5,6,7,11,14,39) t=7/15 gap=2/15
v=(1,4,5,6,7,11,15,16) t=7/23 gap=3/23
v=(1,4,5,6,7,11,15,26) t=1/8 gap=1/8
v=(1,4,5,6,7,11,15,39) t=14/45 gap=6/45
v=(1,4,5,6,7,11,16,17) t=7/23 gap=3/23
v=(1,4,5,6,7,11,16,18) t=7/15 gap=2/15
v=(1,4,5,6,7,11,16,19) t=7/15 gap=2/15
v=(1,4,5,6,7,11,16,20) t=7/15 gap=2/15
v=(1,4,5,6,7,11,16,21) t=7/15 gap=2/15
v=(1,4,5,6,7,11,16,22) t=7/15 gap=2/15
v=(1,4,5,6,7,11,16,23) t=7/15 gap=2/15
v=(1,4,5,6,7,11,16,24) t=7/15 gap=2/15
v=(1,4,5,6,7,11,16,25) t=7/15 gap=2/15
v=(1,4,5,6,7,11,16,26) t=7/15 gap=2/15
v=(1,4,5,6,7,11,16,27) t=7/15 gap=2/15
v=(1,4,5,6,7,11,16,28) t=7/23 gap=3/23
v=(1,4,5,6,7,11,16,29) t=7/15 gap=2/15
v=(1,4,5,6,7,11,16,30) t=7/23 gap=3/23
v=(1,4,5,6,7,11,16,31) t=7/15 gap=2/15
v=(1,4,5,6,7,11,16,32) t=7/23 gap=3/23
v=(1,4,5,6,7,11,16,33) t=7/15 gap=2/15
v=(1,4,5,6,7,11,16,34) t=7/15 gap=2/15
v=(1,4,5,6,7,11,16,35) t=7/15 gap=2/15
v=(1,4,5,6,7,11,16,36) t=7/15 gap=2/15
v=(1,4,5,6,7,11,16,37) t=7/15 gap=2/15
v=(1,4,5,6,7,11,16,38) t=7/15 gap=2/15
v=(1,4,5,6,7,11,16,39) t=7/15 gap=2/15
v=(1,4,5,6,7,11,16,40) t=7/15 gap=2/15
v=(1,4,5,6,7,11,16,41) t=7/15 gap=2/15
v=(1,4,5,6,7,11,16,42) t=7/15 gap=2/15
v=(1,4,5,6,7,11,16,43) t=22/47 gap=6/47
v=(1,4,5,6,7,11,16,44) t=7/15 gap=2/15
v=(1,4,5,6,7,11,16,45) t=14/46 gap=6/46
v=(1,4,5,6,7,11,16,46) t=7/15 gap=2/15
v=(1,4,5,6,7,11,16,47) t=14/46 gap=6/46
v=(1,4,5,6,7,11,16,48) t=7/15 gap=2/15
v=(1,4,5,6,7,11,16,49) t=7/15 gap=2/15
v=(1,4,5,6,7,11,16,50) t=7/15 gap=2/15
v=(1,4,5,6,7,11,17,26) t=1/8 gap=1/8
v=(1,4,5,6,7,11,17,39) t=14/45 gap=6/45
v=(1,4,5,6,7,11,18,26) t=7/15 gap=2/15
v=(1,4,5,6,7,11,18,39) t=7/15 gap=2/15
v=(1,4,5,6,7,11,19,23) t=7/15 gap=2/15
v=(1,4,5,6,7,11,19,26) t=7/15 gap=2/15
v=(1,4,5,6,7,11,19,36) t=7/15 gap=2/15
v=(1,4,5,6,7,11,19,39) t=7/15 gap=2/15
v=(1,4,5,6,7,11,19,49) t=7/15 gap=2/15
v=(1,4,5,6,7,11,20,26) t=7/15 gap=2/15
v=(1,4,5,6,7,11,20,29) t=14/30 gap=4/30
v=(1,4,5,6,7,11,20,39) t=7/15 gap=2/15
v=(1,4,5,6,7,11,20,42) t=7/15 gap=2/15
v=(1,4,5,6,7,11,21,26) t=7/15 gap=2/15
v=(1,4,5,6,7,11,21,39) t=7/15 gap=2/15
v=(1,4,5,6,7,11,22,26) t=7/15 gap=2/15
v=(1,4,5,6,7,11,22,39) t=7/15 gap=2/15
v=(1,4,5,6,7,11,23,26) t=7/15 gap=2/15
v=(1,4,5,6,7,11,23,29) t=14/30 gap=4/30
v=(1,4,5,6,7,11,23,32) t=4/33 gap=4/33
v=(1,4,5,6,7,11,23,39) t=7/15 gap=2/15
v=(1,4,5,6,7,11,23,42) t=7/15 gap=2/15
v=(1,4,5,6,7,11,23,45) t=1/8 gap=1/8
v=(1,4,5,6,7,11,23,48) t=7/15 gap=2/15
v=(1,4,5,6,7,11,24,26) t=7/15 gap=2/15
v=(1,4,5,6,7,11,24,39) t=7/15 gap=2/15
v=(1,4,5,6,7,11,25,26) t=7/15 gap=2/15
v=(1,4,5,6,7,11,25,39) t=7/15 gap=2/15
v=(1,4,5,6,7,11,26,27) t=7/15 gap=2/15
v=(1,4,5,6,7,11,26,28) t=1/8 gap=1/8
v=(1,4,5,6,7,11,26,29) t=14/30 gap=4/30
v=(1,4,5,6,7,11,26,30) t=1/8 gap=1/8
v=(1,4,5,6,7,11,26,31) t=14/30 gap=4/30
v=(1,4,5,6,7,11,26,32) t=4/33 gap=4/33
v=(1,4,5,6,7,11,26,33) t=7/15 gap=2/15
v=(1,4,5,6,7,11,26,34) t=7/15 gap=2/15
v=(1,4,5,6,7,11,26,35) t=7/15 gap=2/15
v=(1,4,5,6,7,11,26,36) t=7/15 gap=2/15
v=(1,4,5,6,7,11,26,37) t=7/15 gap=2/15
v=(1,4,5,6,7,11,26,38) t=7/15 gap=2/15
v=(1,4,5,6,7,11,26,39) t=7/15 gap=2/15
v=(1,4,5,6,7,11,26,40) t=7/15 gap=2/15
v=(1,4,5,6,7,11,26,41) t=7/15 gap=2/15
v=(1,4,5,6,7,11,26,42) t=7/15 gap=2/15
v=(1,4,5,6,7,11,26,43) t=22/47 gap=6/47
v=(1,4,5,6,7,11,26,44) t=21/45 gap=6/45
v=(1,4,5,6,7,11,26,45) t=1/8 gap=1/8
v=(1,4,5,6,7,11,26,46) t=21/45 gap=6/45
v=(1,4,5,6,7,11,26,47) t=1/8 gap=1/8
v=(1,4,5,6,7,11,26,48) t=7/15 gap=2/15
v=(1,4,5,6,7,11,26,49) t=7/15 gap=2/15
v=(1,4,5,6,7,11,26,50) t=7/15 gap=2/15
v=(1,4,5,6,7,11,27,39) t=7/15 gap=2/15
v=(1,4,5,6,7,11,28,39) t=14/45 gap=6/45
v=(1,4,5,6,7,11,29,33) t=14/30 gap=4/30
v=(1,4,5,6,7,11,29,36) t=14/30 gap=4/30
v=(1,4,5,6,7,11,29,39) t=14/30 gap=4/30
v=(1,4,5,6,7,11,29,46) t=14/30 gap=4/30
v=(1,4,5,6,7,11,29,49) t=14/30 gap=4/30
v=(1,4,5,6,7,11,30,39) t=14/45 gap=6/45
v=(1,4,5,6,7,11,31,39) t=14/30 gap=4/30
v=(1,4,5,6,7,11,32,36) t=4/33 gap=4/33
v=(1,4,5,6,7,11,32,39) t=14/46 gap=6/46
v=(1,4,5,6,7,11,32,49) t=17/56 gap=7/56
v=(1,4,5,6,7,11,33,39) t=7/15 gap=2/15
v=(1,4,5,6,7,11,33,42) t=7/15 gap=2/15
v=(1,4,5,6,7,11,34,39) t=7/15 gap=2/15
v=(1,4,5,6,7,11,35,39) t=7/15 gap=2/15
v=(1,4,5,6,7,11,36,39) t=7/15 gap=2/15
v=(1,4,5,6,7,11,36,42) t=7/15 gap=2/15
v=(1,4,5,6,7,11,36,45) t=1/8 gap=1/8
v=(1,4,5,6,7,11,37,39) t=7/15 gap=2/15
v=(1,4,5,6,7,11,38,39) t=7/15 gap=2/15
v=(1,4,5,6,7,11,39,40) t=7/15 gap=2/15
v=(1,4,5,6,7,11,39,41) t=7/15 gap=2/15
v=(1,4,5,6,7,11,39,42) t=7/15 gap=2/15
v=(1,4,5,6,7,11,39,43) t=14/45 gap=6/45
v=(1,4,5,6,7,11,39,44) t=14/45 gap=6/45
v=(1,4,5,6,7,11,39,45) t=14/46 gap=6/46
v=(1,4,5,6,7,11,39,46) t=14/45 gap=6/45
v=(1,4,5,6,7,11,39,47) t=14/45 gap=6/45
v=(1,4,5,6,7,11,39,48) t=7/15 gap=2/15
v=(1,4,5,6,7,11,39,49) t=7/15 gap=2/15
v=(1,4,5,6,7,11,39,50) t=7/15 gap=2/15
v=(1,4,5,6,7,11,42,46) t=21/45 gap=6/45
v=(1,4,5,6,7,11,42,49) t=7/15 gap=2/15
v=(1,4,5,6,7,11,45,49) t=1/8 gap=1/8
v=(1,4,5,6,9,10,11,14) t=2/15 gap=2/15
v=(1,4,5,6,9,13,14,27) t=2/15 gap=2/15
v=(1,4,5,6,10,11,14,16) t=2/15 gap=2/15
v=(1,4,5,6,10,11,14,18) t=2/15 gap=2/15
v=(1,4,5,6,10,11,14,25) t=2/15 gap=2/15
v=(1,4,5,6,10,11,14,34) t=2/15 gap=2/15
v=(1,4,5,6,10,11,14,50) t=2/15 gap=2/15
v=(1,4,5,6,11,13,14,34) t=2/15 gap=2/15
v=(1,4,5,6,11,14,16,20) t=2/15 gap=2/15
v=(1,4,5,6,13,14,16,20) t=2/15 gap=2/15
v=(1,4,5,6,13,14,18,27) t=2/15 gap=2/15
v=(1,4,5,6,14,16,20,26) t=2/15 gap=2/15
v=(1,4,5,7,11,12,19,23) t=7/15 gap=2/15
v=(1,4,6,7,8,9,10,11) t=7/15 gap=2/15
v=(1,4,6,7,8,10,11,14) t=7/15 gap=2/15
v=(1,4,6,7,8,10,11,19) t=7/15 gap=2/15
v=(1,4,6,7,8,10,11,23) t=7/15 gap=2/15
v=(1,4,6,7,8,10,11,28) t=5/16 gap=2/16
v=(1,4,6,7,8,10,11,37) t=7/15 gap=2/15
v=(1,4,6,7,8,10,11,42) t=7/15 gap=2/15
v=(1,4,6,7,9,10,11,13) t=1/8 gap=1/8
v=(1,4,6,7,9,10,11,21) t=7/15 gap=2/15
v=(1,4,6,7,10,11,13,14) t=1/8 gap=1/8
v=(1,4,6,7,10,11,13,19) t=5/23 gap=3/23
v=(1,4,6,7,10,11,13,23) t=1/8 gap=1/8
v=(1,4,6,7,10,11,13,28) t=1/8 gap=1/8
v=(1,4,6,7,10,11,13,37) t=10/47 gap=6/47
v=(1,4,6,7,10,11,13,42) t=10/46 gap=6/46
v=(1,4,6,7,10,11,14,21) t=7/15 gap=2/15
v=(1,4,6,7,10,11,18,37) t=7/15 gap=2/15
v=(1,4,6,7,10,11,19,21) t=7/15 gap=2/15
v=(1,4,6,7,10,11,21,23) t=7/15 gap=2/15
v=(1,4,6,7,10,11,21,28) t=12/31 gap=4/31
v=(1,4,6,7,10,11,21,37) t=7/15 gap=2/15
v=(1,4,6,7,10,11,21,42) t=7/15 gap=2/15
v=(1,4,6,7,10,11,26,37) t=7/15 gap=2/15
v=(1,4,6,7,10,11,37,39) t=7/15 gap=2/15
v=(1,4,6,12,13,14,16,20) t=2/15 gap=2/15
v=(1,4,6,13,14,16,17,20) t=2/15 gap=2/15
v=(1,4,7,11,12,13,19,20) t=5/23 gap=3/23
v=(1,4,8,12,16,20,24,28) t=5/32 gap=4/32
v=(1,4,8,12,16,20,28,48) t=5/32 gap=4/32
v=(1,4,11,12,13,14,20,25) t=2/15 gap=2/15
v=(1,4,11,12,13,14,20,50) t=2/15 gap=2/15
v=(1,4,12,13,14,16,20,22) t=11/32 gap=4/32
v=(1,4,12,13,14,16,20,28) t=2/15 gap=2/15
v=(1,4,12,13,14,16,20,34) t=2/15 gap=2/15
v=(1,4,12,13,14,16,20,50) t=2/15 gap=2/15
v=(1,4,12,14,16,20,26,28) t=2/15 gap=2/15
v=(1,4,12,16,20,24,28,44) t=2/15 gap=2/15
v=(1,4,12,16,20,28,44,48) t=2/15 gap=2/15
v=(1,4,16,20,24,28,40,44) t=2/15 gap=2/15
v=(1,5,6,7,8,9,13,17) t=4/15 gap=2/15
v=(1,5,6,7,8,9,17,26) t=11/23 gap=3/23
v=(1,5,6,7,8,9,17,39) t=4/15 gap=2/15
v=(1,5,6,7,8,11,13,17) t=11/23 gap=3/23
v=(1,5,6,7,8,11,13,19) t=12/25 gap=3/25
v=(1,5,6,7,8,11,13,21) t=6/17 gap=2/17
v=(1,5,6,7,8,11,13,40) t=25/53 gap=7/53
v=(1,5,6,7,8,11,17,26) t=11/23 gap=3/23
v=(1,5,6,7,8,11,19,26) t=7/15 gap=2/15
v=(1,5,6,7,8,13,14,40) t=4/15 gap=2/15
v=(1,5,6,7,8,13,17,18) t=4/15 gap=2/15
v=(1,5,6,7,8,13,17,20) t=4/15 gap=2/15
v=(1,5,6,7,8,13,17,29) t=8/30 gap=4/30
v=(1,5,6,7,8,13,17,31) t=8/30 gap=4/30
v=(1,5,6,7,8,13,17,40) t=12/45 gap=6/45
v=(1,5,6,7,8,13,17,49) t=11/23 gap=3/23
v=(1,5,6,7,8,13,19,31) t=17/38 gap=5/38
v=(1,5,6,7,8,13,21,31) t=8/30 gap=4/30
v=(1,5,6,7,8,13,25,40) t=8/30 gap=4/30
v=(1,5,6,7,8,13,28,40) t=12/45 gap=6/45
v=(1,5,6,7,8,13,31,40) t=8/30 gap=4/30
v=(1,5,6,7,8,13,38,42) t=4/15 gap=2/15
v=(1,5,6,7,8,13,39,40) t=12/45 gap=6/45
v=(1,5,6,7,8,13,40,42) t=12/45 gap=6/45
v=(1,5,6,7,8,13,40,45) t=19/53 gap=7/53
v=(1,5,6,7,8,17,20,26) t=11/23 gap=3/23
v=(1,5,6,7,11,12,13,17) t=6/23 gap=3/23
v=(1,5,6,7,11,12,13,19) t=3/24 gap=3/24
v=(1,5,6,7,11,12,13,21) t=6/23 gap=3/23
v=(1,5,6,7,11,12,13,40) t=25/53 gap=7/53
v=(1,5,6,7,11,12,17,26) t=6/23 gap=3/23
v=(1,5,6,7,11,16,17,31) t=7/23 gap=3/23
v=(1,5,6,7,11,16,17,35) t=6/23 gap=3/23
v=(1,5,6,7,13,19,20,25) t=10/39 gap=5/39
v=(1,5,6,7,19,20,25,26) t=7/15 gap=2/15
v=(1,5,10,15,20,25,30,35) t=5/40 gap=5/40
v=(1,6,7,8,9,10,11,17) t=11/23 gap=3/23
v=(1,6,7,8,9,10,11,19) t=7/15 gap=2/15
v=(1,6,7,8,9,10,13,17) t=4/15 gap=2/15
v=(1,6,7,8,9,10,15,17) t=11/23 gap=3/23
v=(1,6,7,8,9,10,15,25) t=11/31 gap=4/31
v=(1,6,7,8,9,10,15,42) t=3/16 gap=2/16
v=(1,6,7,8,9,10,17,24) t=4/15 gap=2/15
v=(1,6,7,8,9,10,17,26) t=11/23 gap=3/23
v=(1,6,7,8,9,10,17,37) t=4/15 gap=2/15
v=(1,6,7,8,9,10,17,39) t=4/15 gap=2/15
v=(1,6,7,8,9,15,16,17) t=7/23 gap=3/23
v=(1,6,7,8,9,15,17,26) t=9/23 gap=3/23
v=(1,6,7,8,9,15,21,39) t=14/45 gap=6/45
v=(1,6,7,8,9,15,39,42) t=14/46 gap=6/46
v=(1,6,7,8,9,15,42,49) t=9/23 gap=3/23
v=(1,6,7,8,10,13,14,40) t=4/15 gap=2/15
v=(1,6,7,15,16,17,18,33) t=11/23 gap=3/23
v=(1,6,8,9,10,11,14,17) t=11/23 gap=3/23
v=(1,6,8,10,11,14,17,18) t=11/23 gap=3/23
v=(1,6,8,14,17,18,20,26) t=11/23 gap=3/23
v=(1,6,9,10,11,12,15,21) t=12/31 gap=4/31
v=(1,6,9,10,11,12,21,30) t=6/23 gap=3/23
v=(1,6,10,11,14,16,17,31) t=2/15 gap=2/15
v=(1,6,11,13,14,15,16,17) t=11/23 gap=3/23
v=(1,6,12,18,24,30,36,42) t=7/48 gap=6/48
v=(1,6,13,14,15,16,17,18) t=11/30 gap=4/30
v=(1,6,13,14,15,16,17,29) t=11/30 gap=4/30
v=(1,6,14,15,16,17,18,33) t=11/23 gap=3/23
v=(1,6,18,21,24,30,39,42) t=11/45 gap=6/45
v=(1,7,14,21,28,35,42,49) t=7/56 gap=7/56
v=(2,3,4,5,8,12,20,28) t=2/30 gap=4/30
v=(2,3,4,6,7,9,10,13) t=1/15 gap=2/15
v=(2,3,4,6,8,10,12,14) t=1/16 gap=2/16
v=(2,3,4,6,8,10,12,28) t=2/30 gap=4/30
v=(2,3,4,6,8,10,14,24) t=1/16 gap=2/16
v=(2,3,4,6,8,10,14,36) t=4/46 gap=6/46
v=(2,3,5,6,7,8,10,13) t=1/15 gap=2/15
v=(2,3,5,6,8,9,11,14) t=1/16 gap=2/16
v=(2,3,5,6,8,11,13,28) t=1/15 gap=2/15
v=(2,3,5,6,8,11,26,28) t=2/30 gap=4/30
v=(2,3,5,7,8,10,12,13) t=1/15 gap=2/15
v=(2,3,5,7,8,10,13,18) t=1/15 gap=2/15
v=(2,3,5,7,9,11,12,13) t=1/15 gap=2/15
v=(2,3,5,7,9,11,12,29) t=9/38 gap=5/38
v=(2,3,5,7,9,12,15,21) t=3/24 gap=3/24
v=(2,3,5,7,9,12,15,42) t=3/24 gap=3/24
v=(2,3,5,7,9,12,30,42) t=3/24 gap=3/24
v=(2,3,5,7,9,12,42,45) t=3/47 gap=6/47
v=(2,3,5,8,9,11,13,42) t=1/15 gap=2/15
v=(2,3,5,8,11,12,13,28) t=1/15 gap=2/15
v=(2,3,5,8,11,13,18,28) t=1/15 gap=2/15
v=(2,3,5,8,11,13,24,28) t=1/15 gap=2/15
v=(2,3,5,8,11,13,28,30) t=9/31 gap=4/31
v=(2,3,5,8,11,13,28,36) t=1/15 gap=2/15
v=(2,3,5,8,11,13,28,42) t=1/15 gap=2/15
v=(2,3,6,7,8,9,10,13) t=1/15 gap=2/15
v=(2,3,6,7,8,10,13,14) t=4/15 gap=2/15
v=(2,3,6,7,8,10,13,23) t=1/15 gap=2/15
v=(2,3,6,8,10,12,14,22) t=4/15 gap=2/15
v=(2,3,6,8,10,14,22,24) t=7/30 gap=4/30
v=(2,3,6,8,10,14,22,36) t=7/30 gap=4/30
v=(2,3,6,8,10,14,22,48) t=12/45 gap=6/45
v=(2,3,6,8,10,14,26,36) t=2/23 gap=3/23
v=(2,3,6,8,10,26,28,36) t=2/30 gap=4/30
v=(2,3,6,9,12,15,18,21) t=3/24 gap=3/24
v=(2,3,6,9,12,15,18,42) t=13/45 gap=6/45
v=(2,3,6,9,12,15,21,36) t=3/24 gap=3/24
v=(2,3,7,8,9,11,12,15) t=9/23 gap=3/23
v=(2,3,7,8,10,12,14,22) t=4/15 gap=2/15
v=(2,3,7,9,10,11,12,13) t=1/15 gap=2/15
v=(2,3,7,9,11,12,13,15) t=3/24 gap=3/24
v=(2,3,8,10,11,12,13,14) t=1/16 gap=2/16
v=(2,3,8,10,11,13,14,24) t=1/16 gap=2/16
v=(2,3,8,10,11,13,14,36) t=19/46 gap=6/46
v=(2,3,8,10,12,13,14,22) t=4/15 gap=2/15
v=(2,3,8,10,12,14,19,22) t=7/30 gap=4/30
v=(2,3,8,10,12,14,20,22) t=4/15 gap=2/15
v=(2,3,8,10,12,14,22,26) t=1/16 gap=2/16
v=(2,3,8,10,12,14,22,32) t=7/30 gap=4/30
v=(2,3,8,10,12,14,22,33) t=4/15 gap=2/15
v=(2,3,8,10,12,14,22,39) t=4/15 gap=2/15
v=(2,3,9,11,12,13,14,15) t=3/24 gap=3/24
v=(2,3,9,11,12,13,15,21) t=3/24 gap=3/24
v=(2,3,9,11,12,13,15,28) t=9/31 gap=4/31
v=(2,3,9,11,12,13,15,35) t=11/38 gap=5/38
v=(2,3,9,11,12,13,15,42) t=13/45 gap=6/45
v=(2,3,9,12,15,18,21,33) t=7/45 gap=6/45
v=(2,3,9,12,15,21,33,36) t=7/45 gap=6/45
v=(2,3,12,15,18,21,30,33) t=7/45 gap=6/45
v=(2,3,12,15,18,21,33,39) t=3/24 gap=3/24
v=(2,3,12,15,18,21,33,48) t=7/45 gap=6/45
v=(2,4,5,6,7,9,11,13) t=1/15 gap=2/15
v=(2,4,5,6,8,10,11,14) t=1/16 gap=2/16
v=(2,4,5,6,8,10,12,14) t=1/16 gap=2/16
v=(2,4,5,6,8,10,12,28) t=2/30 gap=4/30
v=(2,4,5,6,8,10,13,14) t=2/23 gap=3/23
v=(2,4,5,6,8,10,13,28) t=1/15 gap=2/15
v=(2,4,5,6,8,10,14,24) t=1/16 gap=2/16
v=(2,4,5,6,8,10,14,36) t=4/46 gap=6/46
v=(2,4,5,9,12,14,16,20) t=2/15 gap=2/15
v=(2,4,6,7,8,10,11,14) t=1/16 gap=2/16
v=(2,4,6,7,8,10,12,14) t=1/16 gap=2/16
v=(2,4,6,7,8,10,12,28) t=2/30 gap=4/30
v=(2,4,6,7,8,10,13,14) t=2/23 gap=3/23
v=(2,4,6,7,8,10,13,28) t=1/15 gap=2/15
v=(2,4,6,7,8,10,13,42) t=1/15 gap=2/15
v=(2,4,6,7,8,10,14,24) t=1/16 gap=2/16
v=(2,4,6,7,8,10,14,36) t=4/46 gap=6/46
v=(2,4,6,7,9,10,11,13) t=1/15 gap=2/15
v=(2,4,6,8,9,10,12,14) t=1/16 gap=2/16
v=(2,4,6,8,9,10,12,28) t=2/30 gap=4/30
v=(2,4,6,8,9,10,14,24) t=1/16 gap=2/16
v=(2,4,6,8,9,10,14,36) t=2/23 gap=3/23
v=(2,4,6,8,10,11,12,14) t=1/16 gap=2/16
v=(2,4,6,8,10,11,12,28) t=2/30 gap=4/30
v=(2,4,6,8,10,11,14,17) t=13/31 gap=4/31
v=(2,4,6,8,10,11,14,24) t=1/16 gap=2/16
v=(2,4,6,8,10,11,14,36) t=19/46 gap=6/46
v=(2,4,6,8,10,12,13,14) t=1/16 gap=2/16
v=(2,4,6,8,10,12,13,28) t=1/15 gap=2/15
v=(2,4,6,8,10,12,14,15) t=3/16 gap=2/16
v=(2,4,6,8,10,12,14,16) t=1/18 gap=2/18
v=(2,4,6,8,10,12,14,17) t=3/16 gap=2/16
v=(2,4,6,8,10,12,14,18) t=1/16 gap=2/16
v=(2,4,6,8,10,12,14,19) t=1/16 gap=2/16
v=(2,4,6,8,10,12,14,20) t=1/16 gap=2/16
v=(2,4,6,8,10,12,14,21) t=1/16 gap=2/16
v=(2,4,6,8,10,12,14,22) t=1/16 gap=2/16
v=(2,4,6,8,10,12,14,23) t=1/16 gap=2/16
v=(2,4,6,8,10,12,14,24) t=1/16 gap=2/16
v=(2,4,6,8,10,12,14,25) t=1/16 gap=2/16
v=(2,4,6,8,10,12,14,26) t=1/16 gap=2/16
v=(2,4,6,8,10,12,14,27) t=1/16 gap=2/16
v=(2,4,6,8,10,12,14,28) t=1/16 gap=2/16
v=(2,4,6,8,10,12,14,29) t=1/16 gap=2/16
v=(2,4,6,8,10,12,14,30) t=1/16 gap=2/16
v=(2,4,6,8,10,12,14,31) t=3/16 gap=2/16
v=(2,4,6,8,10,12,14,32) t=2/34 gap=4/34
v=(2,4,6,8,10,12,14,33) t=3/16 gap=2/16
v=(2,4,6,8,10,12,14,34) t=1/16 gap=2/16
v=(2,4,6,8,10,12,14,35) t=1/16 gap=2/16
v=(2,4,6,8,10,12,14,36) t=1/16 gap=2/16
v=(2,4,6,8,10,12,14,37) t=1/16 gap=2/16
v=(2,4,6,8,10,12,14,38) t=1/16 gap=2/16
v=(2,4,6,8,10,12,14,39) t=1/16 gap=2/16
v=(2,4,6,8,10,12,14,40) t=1/16 gap=2/16
v=(2,4,6,8,10,12,14,41) t=1/16 gap=2/16
v=(2,4,6,8,10,12,14,42) t=1/16 gap=2/16
v=(2,4,6,8,10,12,14,43) t=1/16 gap=2/16
v=(2,4,6,8,10,12,14,44) t=1/16 gap=2/16
v=(2,4,6,8,10,12,14,45) t=1/16 gap=2/16
v=(2,4,6,8,10,12,14,46) t=1/16 gap=2/16
v=(2,4,6,8,10,12,14,47) t=3/16 gap=2/16
v=(2,4,6,8,10,12,14,48) t=3/50 gap=6/50
v=(2,4,6,8,10,12,14,49) t=3/16 gap=2/16
v=(2,4,6,8,10,12,14,50) t=1/16 gap=2/16
v=(2,4,6,8,10,12,15,28) t=13/30 gap=4/30
v=(2,4,6,8,10,12,16,28) t=7/32 gap=4/32
v=(2,4,6,8,10,12,16,42) t=10/46 gap=6/46
v=(2,4,6,8,10,12,17,28) t=1/15 gap=2/15
v=(2,4,6,8,10,12,18,28) t=2/30 gap=4/30
v=(2,4,6,8,10,12,19,28) t=2/30 gap=4/30
v=(2,4,6,8,10,12,20,28) t=2/30 gap=4/30
v=(2,4,6,8,10,12,21,28) t=2/30 gap=4/30
v=(2,4,6,8,10,12,22,28) t=2/30 gap=4/30
v=(2,4,6,8,10,12,23,28) t=2/30 gap=4/30
v=(2,4,6,8,10,12,24,28) t=2/30 gap=4/30
v=(2,4,6,8,10,12,25,28) t=2/30 gap=4/30
v=(2,4,6,8,10,12,26,28) t=2/30 gap=4/30
v=(2,4,6,8,10,12,27,28) t=2/30 gap=4/30
v=(2,4,6,8,10,12,28,29) t=13/30 gap=4/30
v=(2,4,6,8,10,12,28,30) t=1/16 gap=2/16
v=(2,4,6,8,10,12,28,31) t=13/30 gap=4/30
v=(2,4,6,8,10,12,28,32) t=2/30 gap=4/30
v=(2,4,6,8,10,12,28,33) t=2/30 gap=4/30
v=(2,4,6,8,10,12,28,34) t=2/30 gap=4/30
v=(2,4,6,8,10,12,28,35) t=2/30 gap=4/30
v=(2,4,6,8,10,12,28,36) t=2/30 gap=4/30
v=(2,4,6,8,10,12,28,37) t=2/30 gap=4/30
v=(2,4,6,8,10,12,28,38) t=2/30 gap=4/30
v=(2,4,6,8,10,12,28,39) t=2/30 gap=4/30
v=(2,4,6,8,10,12,28,40) t=2/30 gap=4/30
v=(2,4,6,8,10,12,28,41) t=2/30 gap=4/30
v=(2,4,6,8,10,12,28,42) t=2/30 gap=4/30
v=(2,4,6,8,10,12,28,43) t=2/30 gap=4/30
v=(2,4,6,8,10,12,28,44) t=3/46 gap=6/46
v=(2,4,6,8,10,12,28,45) t=39/90 gap=12/90
v=(2,4,6,8,10,12,28,46) t=1/16 gap=2/16
v=(2,4,6,8,10,12,28,47) t=2/30 gap=4/30
v=(2,4,6,8,10,12,28,48) t=2/30 gap=4/30
v=(2,4,6,8,10,12,28,49) t=2/30 gap=4/30
v=(2,4,6,8,10,12,28,50) t=2/30 gap=4/30
v=(2,4,6,8,10,12,30,42) t=10/46 gap=6/46
v=(2,4,6,8,10,12,42,44) t=3/46 gap=6/46
v=(2,4,6,8,10,13,14,17) t=2/23 gap=3/23
v=(2,4,6,8,10,13,14,24) t=1/16 gap=2/16
v=(2,4,6,8,10,13,14,36) t=2/23 gap=3/23
v=(2,4,6,8,10,14,15,24) t=3/16 gap=2/16
v=(2,4,6,8,10,14,15,36) t=2/23 gap=3/23
v=(2,4,6,8,10,14,16,24) t=3/34 gap=4/34
v=(2,4,6,8,10,14,16,36) t=4/46 gap=6/46
v=(2,4,6,8,10,14,17,24) t=3/16 gap=2/16
v=(2,4,6,8,10,14,17,36) t=2/23 gap=3/23
v=(2,4,6,8,10,14,18,24) t=1/16 gap=2/16
v=(2,4,6,8,10,14,18,36) t=4/46 gap=6/46
v=(2,4,6,8,10,14,19,24) t=1/16 gap=2/16
v=(2,4,6,8,10,14,19,36) t=2/23 gap=3/23
v=(2,4,6,8,10,14,20,24) t=1/16 gap=2/16
v=(2,4,6,8,10,14,20,36) t=4/46 gap=6/46
v=(2,4,6,8,10,14,21,24) t=1/16 gap=2/16
v=(2,4,6,8,10,14,21,36) t=2/23 gap=3/23
v=(2,4,6,8,10,14,22,24) t=1/16 gap=2/16
v=(2,4,6,8,10,14,22,36) t=1/16 gap=2/16
v=(2,4,6,8,10,14,22,48) t=5/62 gap=8/62
v=(2,4,6,8,10,14,23,24) t=1/16 gap=2/16
v=(2,4,6,8,10,14,23,36) t=19/46 gap=6/46
v=(2,4,6,8,10,14,24,25) t=1/16 gap=2/16
v=(2,4,6,8,10,14,24,26) t=1/16 gap=2/16
v=(2,4,6,8,10,14,24,27) t=1/16 gap=2/16
v=(2,4,6,8,10,14,24,28) t=1/16 gap=2/16
v=(2,4,6,8,10,14,24,29) t=1/16 gap=2/16
v=(2,4,6,8,10,14,24,30) t=1/16 gap=2/16
v=(2,4,6,8,10,14,24,31) t=3/16 gap=2/16
v=(2,4,6,8,10,14,24,32) t=2/34 gap=4/34
v=(2,4,6,8,10,14,24,33) t=3/16 gap=2/16
v=(2,4,6,8,10,14,24,34) t=1/16 gap=2/16
v=(2,4,6,8,10,14,24,35) t=1/16 gap=2/16
v=(2,4,6,8,10,14,24,36) t=1/16 gap=2/16
v=(2,4,6,8,10,14,24,37) t=1/16 gap=2/16
v=(2,4,6,8,10,14,24,38) t=1/16 gap=2/16
v=(2,4,6,8,10,14,24,39) t=1/16 gap=2/16
v=(2,4,6,8,10,14,24,40) t=1/16 gap=2/16
v=(2,4,6,8,10,14,24,41) t=1/16 gap=2/16
v=(2,4,6,8,10,14,24,42) t=1/16 gap=2/16
v=(2,4,6,8,10,14,24,43) t=1/16 gap=2/16
v=(2,4,6,8,10,14,24,44) t=1/16 gap=2/16
v=(2,4,6,8,10,14,24,45) t=1/16 gap=2/16
v=(2,4,6,8,10,14,24,46) t=1/16 gap=2/16
v=(2,4,6,8,10,14,24,47) t=3/16 gap=2/16
v=(2,4,6,8,10,14,24,48) t=3/50 gap=6/50
v=(2,4,6,8,10,14,24,49) t=3/16 gap=2/16
v=(2,4,6,8,10,14,24,50) t=1/16 gap=2/16
v=(2,4,6,8,10,14,25,36) t=2/23 gap=3/23
v=(2,4,6,8,10,14,26,36) t=4/46 gap=6/46
v=(2,4,6,8,10,14,27,36) t=2/23 gap=3/23
v=(2,4,6,8,10,14,28,36) t=4/46 gap=6/46
v=(2,4,6,8,10,14,29,36) t=2/23 gap=3/23
v=(2,4,6,8,10,14,30,36) t=4/46 gap=6/46
v=(2,4,6,8,10,14,31,36) t=2/23 gap=3/23
v=(2,4,6,8,10,14,32,36) t=4/46 gap=6/46
v=(2,4,6,8,10,14,33,36) t=2/23 gap=3/23
v=(2,4,6,8,10,14,34,36) t=1/16 gap=2/16
v=(2,4,6,8,10,14,34,48) t=5/62 gap=8/62
v=(2,4,6,8,10,14,35,36) t=19/46 gap=6/46
v=(2,4,6,8,10,14,36,37) t=4/46 gap=6/46
v=(2,4,6,8,10,14,36,38) t=4/46 gap=6/46
v=(2,4,6,8,10,14,36,39) t=4/46 gap=6/46
v=(2,4,6,8,10,14,36,40) t=4/46 gap=6/46
v=(2,4,6,8,10,14,36,41) t=4/46 gap=6/46
v=(2,4,6,8,10,14,36,42) t=4/46 gap=6/46
v=(2,4,6,8,10,14,36,43) t=4/46 gap=6/46
v=(2,4,6,8,10,14,36,44) t=4/46 gap=6/46
v=(2,4,6,8,10,14,36,45) t=19/46 gap=6/46
v=(2,4,6,8,10,14,36,46) t=1/16 gap=2/16
v=(2,4,6,8,10,14,36,47) t=19/46 gap=6/46
v=(2,4,6,8,10,14,36,48) t=4/46 gap=6/46
v=(2,4,6,8,10,14,36,49) t=4/46 gap=6/46
v=(2,4,6,8,10,14,36,50) t=4/46 gap=6/46
v=(2,4,6,8,10,14,46,48) t=5/62 gap=8/62
v=(2,4,6,8,10,24,26,28) t=2/30 gap=4/30
v=(2,4,6,8,10,24,28,38) t=2/30 gap=4/30
v=(2,4,6,8,10,24,28,40) t=2/30 gap=4/30
v=(2,4,6,8,10,26,28,36) t=2/30 gap=4/30
v=(2,4,6,8,10,28,36,38) t=2/30 gap=4/30
v=(2,4,6,10,12,14,16,18) t=4/30 gap=4/30
v=(2,4,6,10,12,14,16,26) t=4/30 gap=4/30
v=(2,4,6,10,12,14,16,44) t=4/30 gap=4/30
v=(2,4,6,10,12,16,28,44) t=4/30 gap=4/30
v=(2,4,6,10,13,14,16,17) t=2/15 gap=2/15
v=(2,4,6,10,14,16,18,24) t=4/30 gap=4/30
v=(2,4,6,10,14,16,18,36) t=4/30 gap=4/30
v=(2,4,6,10,14,16,24,26) t=4/30 gap=4/30
v=(2,4,6,10,14,16,24,44) t=4/30 gap=4/30
v=(2,4,6,10,14,16,26,36) t=4/30 gap=4/30
v=(2,4,6,10,14,16,34,36) t=4/30 gap=4/30
v=(2,4,6,10,14,16,36,44) t=4/30 gap=4/30
v=(2,4,6,10,14,22,24,26) t=6/46 gap=6/46
v=(2,4,6,10,14,24,26,30) t=3/48 gap=6/48
v=(2,4,6,10,14,24,26,38) t=3/48 gap=6/48
v=(2,4,6,10,14,24,26,46) t=4/30 gap=4/30
v=(2,4,6,10,22,24,26,28) t=2/30 gap=4/30
v=(2,4,6,12,14,16,18,20) t=4/30 gap=4/30
v=(2,4,6,20,22,24,26,28) t=2/30 gap=4/30
v=(2,4,6,22,24,26,28,30) t=3/48 gap=6/48
v=(2,4,6,22,24,26,28,40) t=2/30 gap=4/30
v=(2,4,8,10,12,14,20,22) t=1/16 gap=2/16
v=(2,4,8,10,12,14,22,26) t=1/16 gap=2/16
v=(2,4,8,10,12,14,22,32) t=7/46 gap=6/46
v=(2,4,8,10,12,14,28,32) t=11/60 gap=8/60
v=(2,4,8,10,12,16,20,28) t=5/32 gap=4/32
v=(2,4,8,10,12,20,22,28) t=2/30 gap=4/30
v=(2,4,8,10,12,20,28,32) t=2/30 gap=4/30
v=(2,4,8,10,12,20,28,38) t=2/30 gap=4/30
v=(2,4,8,10,12,28,32,40) t=2/30 gap=4/30
v=(2,4,8,12,14,16,20,28) t=3/32 gap=4/32
v=(2,4,8,12,16,20,24,28) t=3/32 gap=4/32
v=(2,4,8,12,16,20,28,34) t=13/62 gap=8/62
v=(2,4,8,12,16,20,28,48) t=3/32 gap=4/32
v=(2,4,9,10,12,14,16,39) t=4/30 gap=4/30
v=(2,4,10,12,14,16,22,26) t=6/34 gap=4/34
v=(2,4,10,12,14,16,26,28) t=4/30 gap=4/30
v=(2,4,10,12,14,16,26,34) t=4/30 gap=4/30
v=(2,4,10,12,14,16,26,50) t=4/30 gap=4/30
v=(2,4,10,12,14,22,24,26) t=6/46 gap=6/46
v=(2,4,10,12,16,20,28,44) t=4/30 gap=4/30
v=(2,4,12,14,16,18,20,22) t=5/32 gap=4/32
v=(2,4,12,14,16,18,20,28) t=4/30 gap=4/30
v=(2,4,12,14,16,18,20,34) t=4/30 gap=4/30
v=(2,4,12,14,16,18,20,50) t=4/30 gap=4/30
v=(2,4,12,14,16,20,26,28) t=4/30 gap=4/30
v=(2,4,12,14,16,20,28,44) t=4/30 gap=4/30
v=(2,4,12,16,20,24,28,44) t=4/30 gap=4/30
v=(2,4,12,16,20,28,34,44) t=4/30 gap=4/30
v=(2,4,12,16,20,28,38,44) t=7/60 gap=8/60
v=(2,4,12,16,20,28,44,48) t=4/30 gap=4/30
v=(2,4,12,20,22,24,26,28) t=2/30 gap=4/30
v=(2,4,12,22,24,26,28,40) t=2/30 gap=4/30
v=(2,4,16,20,24,28,40,44) t=4/30 gap=4/30
v=(2,4,22,24,26,28,38,40) t=2/30 gap=4/30
v=(2,4,22,24,26,28,40,44) t=3/46 gap=6/46
v=(2,4,22,24,26,28,40,50) t=2/30 gap=4/30
v=(2,5,6,7,8,9,11,13) t=1/15 gap=2/15
v=(2,5,6,7,8,10,11,13) t=1/15 gap=2/15
v=(2,5,6,7,8,10,13,14) t=4/15 gap=2/15
v=(2,5,6,7,8,10,13,17) t=1/15 gap=2/15
v=(2,5,6,7,8,10,13,25) t=1/15 gap=2/15
v=(2,5,6,7,8,10,13,28) t=1/15 gap=2/15
v=(2,5,6,7,8,10,13,31) t=4/15 gap=2/15
v=(2,5,6,7,8,10,13,39) t=1/15 gap=2/15
v=(2,5,6,7,8,10,13,42) t=1/15 gap=2/15
v=(2,5,6,7,8,10,13,45) t=19/53 gap=7/53
v=(2,5,6,7,8,11,13,19) t=1/15 gap=2/15
v=(2,5,6,7,8,11,13,28) t=1/15 gap=2/15
v=(2,5,6,7,8,11,13,38) t=1/15 gap=2/15
v=(2,5,6,7,8,11,26,28) t=2/30 gap=4/30
v=(2,5,6,7,9,11,12,13) t=1/15 gap=2/15
v=(2,5,6,8,9,10,11,14) t=1/16 gap=2/16
v=(2,5,6,8,10,11,13,14) t=1/16 gap=2/16
v=(2,5,6,8,10,11,13,21) t=1/15 gap=2/15
v=(2,5,6,8,10,11,13,28) t=1/15 gap=2/15
v=(2,5,6,8,10,11,14,22) t=7/30 gap=4/30
v=(2,5,6,8,10,11,14,26) t=7/31 gap=4/31
v=(2,5,6,8,10,11,26,28) t=2/30 gap=4/30
v=(2,5,6,8,10,12,14,22) t=4/15 gap=2/15
v=(2,5,6,8,10,13,14,22) t=4/15 gap=2/15
v=(2,5,6,8,10,14,22,24) t=4/15 gap=2/15
v=(2,5,6,8,10,14,22,25) t=4/15 gap=2/15
v=(2,5,6,8,10,14,22,36) t=4/15 gap=2/15
v=(2,5,6,8,10,14,22,48) t=4/15 gap=2/15
v=(2,5,6,8,10,14,26,36) t=4/46 gap=6/46
v=(2,5,6,8,10,22,25,28) t=2/30 gap=4/30
v=(2,5,6,8,10,26,28,36) t=2/30 gap=4/30
v=(2,5,6,8,11,13,17,28) t=1/15 gap=2/15
v=(2,5,6,8,11,13,28,34) t=1/15 gap=2/15
v=(2,5,7,8,12,13,20,28) t=1/15 gap=2/15
v=(2,5,8,10,12,14,20,22) t=4/15 gap=2/15
v=(2,5,8,10,12,14,22,26) t=1/16 gap=2/16
v=(2,5,8,10,12,14,22,32) t=7/30 gap=4/30
v=(2,5,10,15,20,25,30,35) t=3/40 gap=5/40
v=(2,6,7,8,9,10,11,13) t=1/15 gap=2/15
v=(2,6,7,8,9,10,11,14) t=1/16 gap=2/16
v=(2,6,7,8,9,10,12,14) t=4/15 gap=2/15
v=(2,6,7,8,9,10,12,28) t=2/30 gap=4/30
v=(2,6,7,8,9,10,13,14) t=4/15 gap=2/15
v=(2,6,7,8,9,10,13,17) t=1/15 gap=2/15
v=(2,6,7,8,9,10,13,25) t=1/15 gap=2/15
v=(2,6,7,8,9,10,13,28) t=1/15 gap=2/15
v=(2,6,7,8,9,10,13,31) t=4/15 gap=2/15
v=(2,6,7,8,9,10,13,39) t=1/15 gap=2/15
v=(2,6,7,8,9,10,13,42) t=1/15 gap=2/15
v=(2,6,7,8,9,10,13,45) t=19/53 gap=7/53
v=(2,6,7,8,9,10,14,24) t=4/15 gap=2/15
v=(2,6,7,8,9,10,14,36) t=4/15 gap=2/15
v=(2,6,7,8,9,11,15,39) t=14/45 gap=6/45
v=(2,6,7,8,10,11,13,14) t=1/16 gap=2/16
v=(2,6,7,8,10,11,13,23) t=1/15 gap=2/15
v=(2,6,7,8,10,11,14,22) t=7/30 gap=4/30
v=(2,6,7,8,10,12,13,14) t=4/15 gap=2/15
v=(2,6,7,8,10,12,14,22) t=4/15 gap=2/15
v=(2,6,7,8,10,13,14,15) t=2/23 gap=3/23
v=(2,6,7,8,10,13,14,16) t=4/15 gap=2/15
v=(2,6,7,8,10,13,14,17) t=4/15 gap=2/15
v=(2,6,7,8,10,13,14,18) t=4/15 gap=2/15
v=(2,6,7,8,10,13,14,19) t=2/23 gap=3/23
v=(2,6,7,8,10,13,14,20) t=4/15 gap=2/15
v=(2,6,7,8,10,13,14,21) t=4/15 gap=2/15
v=(2,6,7,8,10,13,14,22) t=4/15 gap=2/15
v=(2,6,7,8,10,13,14,23) t=4/15 gap=2/15
v=(2,6,7,8,10,13,14,24) t=4/15 gap=2/15
v=(2,6,7,8,10,13,14,25) t=4/15 gap=2/15
v=(2,6,7,8,10,13,14,26) t=2/23 gap=3/23
v=(2,6,7,8,10,13,14,27) t=4/15 gap=2/15
v=(2,6,7,8,10,13,14,28) t=4/15 gap=2/15
v=(2,6,7,8,10,13,14,29) t=4/15 gap=2/15
v=(2,6,7,8,10,13,14,30) t=2/23 gap=3/23
v=(2,6,7,8,10,13,14,31) t=4/15 gap=2/15
v=(2,6,7,8,10,13,14,32) t=4/15 gap=2/15
v=(2,6,7,8,10,13,14,33) t=4/15 gap=2/15
v=(2,6,7,8,10,13,14,34) t=1/16 gap=2/16
v=(2,6,7,8,10,13,14,35) t=4/15 gap=2/15
v=(2,6,7,8,10,13,14,36) t=4/15 gap=2/15
v=(2,6,7,8,10,13,14,37) t=4/15 gap=2/15
v=(2,6,7,8,10,13,14,38) t=4/15 gap=2/15
v=(2,6,7,8,10,13,14,39) t=4/15 gap=2/15
v=(2,6,7,8,10,13,14,40) t=4/15 gap=2/15
v=(2,6,7,8,10,13,14,41) t=2/23 gap=3/23
v=(2,6,7,8,10,13,14,42) t=4/15 gap=2/15
v=(2,6,7,8,10,13,14,43) t=4/15 gap=2/15
v=(2,6,7,8,10,13,14,44) t=4/15 gap=2/15
v=(2,6,7,8,10,13,14,45) t=1/16 gap=2/16
v=(2,6,7,8,10,13,14,46) t=4/15 gap=2/15
v=(2,6,7,8,10,13,14,47) t=4/15 gap=2/15
v=(2,6,7,8,10,13,14,48) t=4/15 gap=2/15
v=(2,6,7,8,10,13,14,49) t=2/23 gap=3/23
v=(2,6,7,8,10,13,14,50) t=4/15 gap=2/15
v=(2,6,7,8,10,13,17,23) t=1/15 gap=2/15
v=(2,6,7,8,10,13,18,28) t=1/15 gap=2/15
v=(2,6,7,8,10,13,18,42) t=1/15 gap=2/15
v=(2,6,7,8,10,13,23,25) t=1/15 gap=2/15
v=(2,6,7,8,10,13,23,28) t=1/15 gap=2/15
v=(2,6,7,8,10,13,23,31) t=4/15 gap=2/15
v=(2,6,7,8,10,13,23,39) t=1/15 gap=2/15
v=(2,6,7,8,10,13,23,42) t=1/15 gap=2/15
v=(2,6,7,8,10,13,23,45) t=19/53 gap=7/53
v=(2,6,7,8,10,13,27,28) t=1/15 gap=2/15
v=(2,6,7,8,10,13,27,42) t=1/15 gap=2/15
v=(2,6,7,8,10,13,28,32) t=1/15 gap=2/15
v=(2,6,7,8,10,13,28,36) t=1/15 gap=2/15
v=(2,6,7,8,10,13,28,41) t=1/15 gap=2/15
v=(2,6,7,8,10,13,28,50) t=1/15 gap=2/15
v=(2,6,7,8,10,13,32,42) t=1/15 gap=2/15
v=(2,6,7,8,10,13,37,45) t=19/53 gap=7/53
v=(2,6,7,8,10,13,41,42) t=1/15 gap=2/15
v=(2,6,7,8,10,13,42,50) t=1/15 gap=2/15
v=(2,6,7,8,10,14,22,24) t=7/30 gap=4/30
v=(2,6,7,8,10,14,22,25) t=4/15 gap=2/15
v=(2,6,7,8,10,14,22,36) t=7/30 gap=4/30
v=(2,6,7,8,10,14,22,48) t=4/15 gap=2/15
v=(2,6,7,8,10,14,26,36) t=4/46 gap=6/46
v=(2,6,7,8,10,26,28,36) t=2/30 gap=4/30
v=(2,6,7,9,10,11,12,13) t=1/15 gap=2/15
v=(2,6,7,9,11,12,13,15) t=3/24 gap=3/24
v=(2,6,8,9,10,11,12,14) t=1/16 gap=2/16
v=(2,6,8,9,10,11,12,28) t=2/30 gap=4/30
v=(2,6,8,9,10,11,14,17) t=13/31 gap=4/31
v=(2,6,8,9,10,11,14,24) t=1/16 gap=2/16
v=(2,6,8,9,10,11,14,36) t=19/46 gap=6/46
v=(2,6,8,9,10,12,14,22) t=4/15 gap=2/15
v=(2,6,8,9,10,14,15,36) t=2/23 gap=3/23
v=(2,6,8,9,10,14,22,24) t=4/15 gap=2/15
v=(2,6,8,9,10,14,22,36) t=4/15 gap=2/15
v=(2,6,8,9,10,14,22,48) t=4/15 gap=2/15
v=(2,6,8,9,10,14,26,36) t=2/23 gap=3/23
v=(2,6,8,9,10,26,28,36) t=2/30 gap=4/30
v=(2,6,8,10,11,12,13,14) t=1/16 gap=2/16
v=(2,6,8,10,11,12,14,22) t=7/30 gap=4/30
v=(2,6,8,10,11,13,14,17) t=13/31 gap=4/31
v=(2,6,8,10,11,13,14,24) t=1/16 gap=2/16
v=(2,6,8,10,11,13,14,36) t=19/46 gap=6/46
v=(2,6,8,10,11,14,17,18) t=13/31 gap=4/31
v=(2,6,8,10,11,14,17,22) t=13/31 gap=4/31
v=(2,6,8,10,11,14,17,31) t=5/16 gap=2/16
v=(2,6,8,10,11,14,17,40) t=13/31 gap=4/31
v=(2,6,8,10,11,14,19,22) t=7/30 gap=4/30
v=(2,6,8,10,11,14,22,24) t=7/30 gap=4/30
v=(2,6,8,10,11,14,22,31) t=7/30 gap=4/30
v=(2,6,8,10,11,14,22,36) t=7/30 gap=4/30
v=(2,6,8,10,11,14,22,48) t=7/30 gap=4/30
v=(2,6,8,10,11,14,26,36) t=19/46 gap=6/46
v=(2,6,8,10,11,26,28,36) t=2/30 gap=4/30
v=(2,6,8,10,12,13,14,22) t=4/15 gap=2/15
v=(2,6,8,10,12,14,15,22) t=7/30 gap=4/30
v=(2,6,8,10,12,14,16,22) t=7/30 gap=4/30
v=(2,6,8,10,12,14,17,22) t=4/15 gap=2/15
v=(2,6,8,10,12,14,18,22) t=7/30 gap=4/30
v=(2,6,8,10,12,14,18,26) t=1/16 gap=2/16
v=(2,6,8,10,12,14,18,30) t=1/16 gap=2/16
v=(2,6,8,10,12,14,19,22) t=7/30 gap=4/30
v=(2,6,8,10,12,14,20,22) t=7/30 gap=4/30
v=(2,6,8,10,12,14,21,22) t=4/15 gap=2/15
v=(2,6,8,10,12,14,22,23) t=7/30 gap=4/30
v=(2,6,8,10,12,14,22,24) t=7/30 gap=4/30
v=(2,6,8,10,12,14,22,25) t=7/30 gap=4/30
v=(2,6,8,10,12,14,22,26) t=1/16 gap=2/16
v=(2,6,8,10,12,14,22,27) t=7/30 gap=4/30
v=(2,6,8,10,12,14,22,28) t=7/30 gap=4/30
v=(2,6,8,10,12,14,22,29) t=7/30 gap=4/30
v=(2,6,8,10,12,14,22,30) t=1/16 gap=2/16
v=(2,6,8,10,12,14,22,31) t=7/30 gap=4/30
v=(2,6,8,10,12,14,22,32) t=7/30 gap=4/30
v=(2,6,8,10,12,14,22,33) t=7/30 gap=4/30
v=(2,6,8,10,12,14,22,34) t=1/16 gap=2/16
v=(2,6,8,10,12,14,22,35) t=7/30 gap=4/30
v=(2,6,8,10,12,14,22,36) t=7/30 gap=4/30
v=(2,6,8,10,12,14,22,37) t=7/30 gap=4/30
v=(2,6,8,10,12,14,22,38) t=7/30 gap=4/30
v=(2,6,8,10,12,14,22,39) t=12/45 gap=6/45
v=(2,6,8,10,12,14,22,40) t=7/30 gap=4/30
v=(2,6,8,10,12,14,22,41) t=7/30 gap=4/30
v=(2,6,8,10,12,14,22,42) t=7/30 gap=4/30
v=(2,6,8,10,12,14,22,43) t=12/45 gap=6/45
v=(2,6,8,10,12,14,22,44) t=7/30 gap=4/30
v=(2,6,8,10,12,14,22,45) t=21/90 gap=12/90
v=(2,6,8,10,12,14,22,46) t=7/30 gap=4/30
v=(2,6,8,10,12,14,22,47) t=12/45 gap=6/45
v=(2,6,8,10,12,14,22,48) t=7/30 gap=4/30
v=(2,6,8,10,12,14,22,49) t=7/30 gap=4/30
v=(2,6,8,10,12,14,22,50) t=7/30 gap=4/30
v=(2,6,8,10,12,14,26,36) t=14/62 gap=8/62
v=(2,6,8,10,12,14,26,40) t=1/16 gap=2/16
v=(2,6,8,10,12,18,22,28) t=2/30 gap=4/30
v=(2,6,8,10,12,18,26,28) t=2/30 gap=4/30
v=(2,6,8,10,12,18,28,30) t=1/16 gap=2/16
v=(2,6,8,10,12,18,30,42) t=1/16 gap=2/16
v=(2,6,8,10,12,22,28,32) t=2/30 gap=4/30
v=(2,6,8,10,12,22,28,36) t=2/30 gap=4/30
v=(2,6,8,10,12,22,28,50) t=2/30 gap=4/30
v=(2,6,8,10,12,26,28,36) t=2/30 gap=4/30
v=(2,6,8,10,13,14,15,36) t=2/23 gap=3/23
v=(2,6,8,10,13,14,17,22) t=4/15 gap=2/15
v=(2,6,8,10,13,14,19,22) t=1/16 gap=2/16
v=(2,6,8,10,13,14,22,24) t=4/15 gap=2/15
v=(2,6,8,10,13,14,22,31) t=4/15 gap=2/15
v=(2,6,8,10,13,14,22,36) t=4/15 gap=2/15
v=(2,6,8,10,13,14,22,48) t=4/15 gap=2/15
v=(2,6,8,10,13,14,26,29) t=2/23 gap=3/23
v=(2,6,8,10,13,14,26,36) t=2/23 gap=3/23
v=(2,6,8,10,13,26,28,36) t=1/15 gap=2/15
v=(2,6,8,10,14,15,22,24) t=7/30 gap=4/30
v=(2,6,8,10,14,15,22,36) t=7/30 gap=4/30
v=(2,6,8,10,14,15,22,48) t=7/30 gap=4/30
v=(2,6,8,10,14,15,26,36) t=2/23 gap=3/23
v=(2,6,8,10,14,16,22,24) t=7/30 gap=4/30
v=(2,6,8,10,14,16,22,36) t=7/30 gap=4/30
v=(2,6,8,10,14,16,22,48) t=7/30 gap=4/30
v=(2,6,8,10,14,16,26,36) t=4/46 gap=6/46
v=(2,6,8,10,14,17,22,24) t=4/15 gap=2/15
v=(2,6,8,10,14,17,22,25) t=4/15 gap=2/15
v=(2,6,8,10,14,17,22,36) t=4/15 gap=2/15
v=(2,6,8,10,14,17,22,48) t=4/15 gap=2/15
v=(2,6,8,10,14,17,26,36) t=2/23 gap=3/23
v=(2,6,8,10,14,18,22,24) t=7/30 gap=4/30
v=(2,6,8,10,14,18,22,36) t=7/30 gap=4/30
v=(2,6,8,10,14,18,22,48) t=7/30 gap=4/30
v=(2,6,8,10,14,18,24,26) t=1/16 gap=2/16
v=(2,6,8,10,14,18,24,30) t=1/16 gap=2/16
v=(2,6,8,10,14,18,26,36) t=4/46 gap=6/46
v=(2,6,8,10,14,18,30,36) t=4/46 gap=6/46
v=(2,6,8,10,14,18,34,48) t=5/62 gap=8/62
v=(2,6,8,10,14,19,22,24) t=7/30 gap=4/30
v=(2,6,8,10,14,19,22,25) t=7/30 gap=4/30
v=(2,6,8,10,14,19,22,36) t=7/30 gap=4/30
v=(2,6,8,10,14,19,22,48) t=7/30 gap=4/30
v=(2,6,8,10,14,19,26,36) t=4/46 gap=6/46
v=(2,6,8,10,14,20,22,24) t=7/30 gap=4/30
v=(2,6,8,10,14,20,22,36) t=7/30 gap=4/30
v=(2,6,8,10,14,20,22,48) t=7/30 gap=4/30
v=(2,6,8,10,14,20,26,36) t=4/46 gap=6/46
v=(2,6,8,10,14,21,22,24) t=4/15 gap=2/15
v=(2,6,8,10,14,21,22,36) t=4/15 gap=2/15
v=(2,6,8,10,14,21,22,48) t=4/15 gap=2/15
v=(2,6,8,10,14,21,26,36) t=2/23 gap=3/23
v=(2,6,8,10,14,22,23,24) t=7/30 gap=4/30
v=(2,6,8,10,14,22,23,36) t=7/30 gap=4/30
v=(2,6,8,10,14,22,23,48) t=7/30 gap=4/30
v=(2,6,8,10,14,22,24,25) t=7/30 gap=4/30
v=(2,6,8,10,14,22,24,26) t=1/16 gap=2/16
v=(2,6,8,10,14,22,24,27) t=7/30 gap=4/30
v=(2,6,8,10,14,22,24,28) t=7/30 gap=4/30
v=(2,6,8,10,14,22,24,29) t=7/30 gap=4/30
v=(2,6,8,10,14,22,24,30) t=1/16 gap=2/16
v=(2,6,8,10,14,22,24,31) t=7/30 gap=4/30
v=(2,6,8,10,14,22,24,32) t=7/30 gap=4/30
v=(2,6,8,10,14,22,24,33) t=7/30 gap=4/30
v=(2,6,8,10,14,22,24,34) t=1/16 gap=2/16
v=(2,6,8,10,14,22,24,35) t=7/30 gap=4/30
v=(2,6,8,10,14,22,24,36) t=7/30 gap=4/30
v=(2,6,8,10,14,22,24,37) t=7/30 gap=4/30
v=(2,6,8,10,14,22,24,38) t=7/30 gap=4/30
v=(2,6,8,10,14,22,24,39) t=8/30 gap=4/30
v=(2,6,8,10,14,22,24,40) t=7/30 gap=4/30
v=(2,6,8,10,14,22,24,41) t=7/30 gap=4/30
v=(2,6,8,10,14,22,24,42) t=7/30 gap=4/30
v=(2,6,8,10,14,22,24,43) t=12/45 gap=6/45
v=(2,6,8,10,14,22,24,44) t=7/30 gap=4/30
v=(2,6,8,10,14,22,24,45) t=21/90 gap=12/90
v=(2,6,8,10,14,22,24,46) t=7/30 gap=4/30
v=(2,6,8,10,14,22,24,47) t=12/45 gap=6/45
v=(2,6,8,10,14,22,24,48) t=7/30 gap=4/30
v=(2,6,8,10,14,22,24,49) t=7/30 gap=4/30
v=(2,6,8,10,14,22,24,50) t=7/30 gap=4/30
v=(2,6,8,10,14,22,25,31) t=7/30 gap=4/30
v=(2,6,8,10,14,22,25,36) t=7/30 gap=4/30
v=(2,6,8,10,14,22,25,48) t=7/30 gap=4/30
v=(2,6,8,10,14,22,26,36) t=1/16 gap=2/16
v=(2,6,8,10,14,22,26,48) t=3/50 gap=6/50
v=(2,6,8,10,14,22,27,36) t=7/30 gap=4/30
v=(2,6,8,10,14,22,27,48) t=7/30 gap=4/30
v=(2,6,8,10,14,22,28,36) t=7/30 gap=4/30
v=(2,6,8,10,14,22,28,48) t=7/30 gap=4/30
v=(2,6,8,10,14,22,29,36) t=7/30 gap=4/30
v=(2,6,8,10,14,22,29,48) t=7/30 gap=4/30
v=(2,6,8,10,14,22,30,36) t=1/16 gap=2/16
v=(2,6,8,10,14,22,30,48) t=5/62 gap=8/62
v=(2,6,8,10,14,22,31,36) t=7/30 gap=4/30
v=(2,6,8,10,14,22,31,48) t=7/30 gap=4/30
v=(2,6,8,10,14,22,32,36) t=7/30 gap=4/30
v=(2,6,8,10,14,22,32,48) t=7/30 gap=4/30
v=(2,6,8,10,14,22,33,36) t=7/30 gap=4/30
v=(2,6,8,10,14,22,33,48) t=7/30 gap=4/30
v=(2,6,8,10,14,22,34,36) t=1/16 gap=2/16
v=(2,6,8,10,14,22,34,48) t=5/62 gap=8/62
v=(2,6,8,10,14,22,35,36) t=7/30 gap=4/30
v=(2,6,8,10,14,22,35,48) t=7/30 gap=4/30
v=(2,6,8,10,14,22,36,37) t=7/30 gap=4/30
v=(2,6,8,10,14,22,36,38) t=7/30 gap=4/30
v=(2,6,8,10,14,22,36,39) t=8/30 gap=4/30
v=(2,6,8,10,14,22,36,40) t=7/30 gap=4/30
v=(2,6,8,10,14,22,36,41) t=7/30 gap=4/30
v=(2,6,8,10,14,22,36,42) t=7/30 gap=4/30
v=(2,6,8,10,14,22,36,43) t=12/45 gap=6/45
v=(2,6,8,10,14,22,36,44) t=7/30 gap=4/30
v=(2,6,8,10,14,22,36,45) t=21/90 gap=12/90
v=(2,6,8,10,14,22,36,46) t=7/30 gap=4/30
v=(2,6,8,10,14,22,36,47) t=12/45 gap=6/45
v=(2,6,8,10,14,22,36,48) t=7/30 gap=4/30
v=(2,6,8,10,14,22,36,49) t=7/30 gap=4/30
v=(2,6,8,10,14,22,36,50) t=7/30 gap=4/30
v=(2,6,8,10,14,22,37,48) t=7/30 gap=4/30
v=(2,6,8,10,14,22,38,48) t=7/30 gap=4/30
v=(2,6,8,10,14,22,39,48) t=12/45 gap=6/45
v=(2,6,8,10,14,22,40,48) t=7/30 gap=4/30
v=(2,6,8,10,14,22,41,48) t=7/30 gap=4/30
v=(2,6,8,10,14,22,42,48) t=7/30 gap=4/30
v=(2,6,8,10,14,22,43,48) t=12/45 gap=6/45
v=(2,6,8,10,14,22,44,48) t=7/30 gap=4/30
v=(2,6,8,10,14,22,45,48) t=21/90 gap=12/90
v=(2,6,8,10,14,22,46,48) t=7/30 gap=4/30
v=(2,6,8,10,14,22,47,48) t=12/45 gap=6/45
v=(2,6,8,10,14,22,48,49) t=7/30 gap=4/30
v=(2,6,8,10,14,22,48,50) t=7/30 gap=4/30
v=(2,6,8,10,14,23,26,36) t=19/46 gap=6/46
v=(2,6,8,10,14,24,26,36) t=14/62 gap=8/62
v=(2,6,8,10,14,24,26,40) t=1/16 gap=2/16
v=(2,6,8,10,14,25,26,36) t=2/23 gap=3/23
v=(2,6,8,10,14,26,27,36) t=4/46 gap=6/46
v=(2,6,8,10,14,26,28,36) t=4/46 gap=6/46
v=(2,6,8,10,14,26,29,36) t=2/23 gap=3/23
v=(2,6,8,10,14,26,30,36) t=4/46 gap=6/46
v=(2,6,8,10,14,26,31,36) t=2/23 gap=3/23
v=(2,6,8,10,14,26,32,36) t=4/46 gap=6/46
v=(2,6,8,10,14,26,33,36) t=2/23 gap=3/23
v=(2,6,8,10,14,26,34,36) t=14/62 gap=8/62
v=(2,6,8,10,14,26,35,36) t=19/46 gap=6/46
v=(2,6,8,10,14,26,36,37) t=4/46 gap=6/46
v=(2,6,8,10,14,26,36,38) t=4/46 gap=6/46
v=(2,6,8,10,14,26,36,39) t=4/46 gap=6/46
v=(2,6,8,10,14,26,36,40) t=4/46 gap=6/46
v=(2,6,8,10,14,26,36,41) t=4/46 gap=6/46
v=(2,6,8,10,14,26,36,42) t=4/46 gap=6/46
v=(2,6,8,10,14,26,36,43) t=4/46 gap=6/46
v=(2,6,8,10,14,26,36,44) t=4/46 gap=6/46
v=(2,6,8,10,14,26,36,45) t=19/46 gap=6/46
v=(2,6,8,10,14,26,36,46) t=14/62 gap=8/62
v=(2,6,8,10,14,26,36,47) t=19/46 gap=6/46
v=(2,6,8,10,14,26,36,48) t=4/46 gap=6/46
v=(2,6,8,10,14,26,36,49) t=4/46 gap=6/46
v=(2,6,8,10,14,26,36,50) t=4/46 gap=6/46
v=(2,6,8,10,14,30,36,44) t=4/46 gap=6/46
v=(2,6,8,10,14,34,40,48) t=5/62 gap=8/62
v=(2,6,8,10,15,26,28,36) t=13/30 gap=4/30
v=(2,6,8,10,16,26,28,36) t=4/46 gap=6/46
v=(2,6,8,10,17,26,28,36) t=1/15 gap=2/15
v=(2,6,8,10,18,24,26,28) t=2/30 gap=4/30
v=(2,6,8,10,18,26,28,36) t=2/30 gap=4/30
v=(2,6,8,10,19,26,28,36) t=2/30 gap=4/30
v=(2,6,8,10,20,26,28,36) t=2/30 gap=4/30
v=(2,6,8,10,21,26,28,36) t=2/30 gap=4/30
v=(2,6,8,10,22,26,28,36) t=2/30 gap=4/30
v=(2,6,8,10,22,28,36,38) t=2/30 gap=4/30
v=(2,6,8,10,23,26,28,36) t=2/30 gap=4/30
v=(2,6,8,10,24,26,28,36) t=2/30 gap=4/30
v=(2,6,8,10,25,26,28,36) t=2/30 gap=4/30
v=(2,6,8,10,26,27,28,36) t=2/30 gap=4/30
v=(2,6,8,10,26,28,29,36) t=13/30 gap=4/30
v=(2,6,8,10,26,28,30,36) t=4/46 gap=6/46
v=(2,6,8,10,26,28,31,36) t=13/30 gap=4/30
v=(2,6,8,10,26,28,32,36) t=2/30 gap=4/30
v=(2,6,8,10,26,28,33,36) t=2/30 gap=4/30
v=(2,6,8,10,26,28,34,36) t=2/30 gap=4/30
v=(2,6,8,10,26,28,35,36) t=2/30 gap=4/30
v=(2,6,8,10,26,28,36,37) t=2/30 gap=4/30
v=(2,6,8,10,26,28,36,38) t=2/30 gap=4/30
v=(2,6,8,10,26,28,36,39) t=2/30 gap=4/30
v=(2,6,8,10,26,28,36,40) t=2/30 gap=4/30
v=(2,6,8,10,26,28,36,41) t=2/30 gap=4/30
v=(2,6,8,10,26,28,36,42) t=2/30 gap=4/30
v=(2,6,8,10,26,28,36,43) t=2/30 gap=4/30
v=(2,6,8,10,26,28,36,44) t=3/46 gap=6/46
v=(2,6,8,10,26,28,36,45) t=39/90 gap=12/90
v=(2,6,8,10,26,28,36,46) t=14/62 gap=8/62
v=(2,6,8,10,26,28,36,47) t=2/30 gap=4/30
v=(2,6,8,10,26,28,36,48) t=2/30 gap=4/30
v=(2,6,8,10,26,28,36,49) t=2/30 gap=4/30
v=(2,6,8,10,26,28,36,50) t=2/30 gap=4/30
v=(2,6,8,12,14,18,20,26) t=1/16 gap=2/16
v=(2,6,9,10,11,12,15,21) t=12/31 gap=4/31
v=(2,6,10,11,14,16,17,31) t=2/15 gap=2/15
v=(2,6,12,18,24,30,36,42) t=3/48 gap=6/48
v=(2,6,18,21,24,30,39,42) t=4/45 gap=6/45
v=(2,7,8,9,10,12,14,22) t=4/15 gap=2/15
v=(2,7,8,10,12,14,20,22) t=4/15 gap=2/15
v=(2,7,8,10,12,14,22,23) t=4/15 gap=2/15
v=(2,7,8,10,12,14,22,26) t=1/16 gap=2/16
v=(2,7,8,10,12,14,22,29) t=4/15 gap=2/15
v=(2,7,8,10,12,14,22,32) t=7/30 gap=4/30
v=(2,7,8,10,12,14,22,49) t=7/30 gap=4/30
v=(2,7,8,10,12,22,23,28) t=2/30 gap=4/30
v=(2,7,9,11,12,13,19,20) t=1/15 gap=2/15
v=(2,7,9,11,12,13,20,44) t=11/53 gap=7/53
v=(2,7,14,21,28,35,42,49) t=5/56 gap=7/56
v=(2,8,9,10,11,12,14,19) t=8/23 gap=3/23
v=(2,8,9,10,11,14,19,24) t=8/23 gap=3/23
v=(2,8,9,10,11,14,19,36) t=8/23 gap=3/23
v=(2,8,9,10,12,13,14,22) t=4/15 gap=2/15
v=(2,8,9,10,12,14,19,22) t=8/23 gap=3/23
v=(2,8,9,10,12,14,20,22) t=8/30 gap=4/30
v=(2,8,9,10,12,14,22,26) t=1/16 gap=2/16
v=(2,8,9,10,12,14,22,32) t=8/30 gap=4/30
v=(2,8,9,10,12,14,22,33) t=8/30 gap=4/30
v=(2,8,9,10,12,14,22,39) t=8/30 gap=4/30
v=(2,8,10,11,12,13,23,28) t=1/15 gap=2/15
v=(2,8,10,11,12,14,20,22) t=7/30 gap=4/30
v=(2,8,10,11,12,14,22,26) t=1/16 gap=2/16
v=(2,8,10,11,12,14,22,32) t=7/30 gap=4/30
v=(2,8,10,12,13,14,20,22) t=4/15 gap=2/15
v=(2,8,10,12,13,14,22,23) t=4/15 gap=2/15
v=(2,8,10,12,13,14,22,26) t=1/16 gap=2/16
v=(2,8,10,12,13,14,22,29) t=4/15 gap=2/15
v=(2,8,10,12,13,14,22,32) t=4/15 gap=2/15
v=(2,8,10,12,13,14,22,49) t=21/61 gap=8/61
v=(2,8,10,12,14,15,20,22) t=7/30 gap=4/30
v=(2,8,10,12,14,15,22,26) t=3/16 gap=2/16
v=(2,8,10,12,14,15,22,32) t=7/30 gap=4/30
v=(2,8,10,12,14,16,20,22) t=7/30 gap=4/30
v=(2,8,10,12,14,16,22,26) t=6/34 gap=4/34
v=(2,8,10,12,14,16,22,32) t=7/30 gap=4/30
v=(2,8,10,12,14,17,20,22) t=4/15 gap=2/15
v=(2,8,10,12,14,17,22,26) t=3/16 gap=2/16
v=(2,8,10,12,14,17,22,32) t=4/15 gap=2/15
v=(2,8,10,12,14,18,20,22) t=7/30 gap=4/30
v=(2,8,10,12,14,18,22,26) t=1/16 gap=2/16
v=(2,8,10,12,14,18,22,32) t=7/30 gap=4/30
v=(2,8,10,12,14,19,20,22) t=7/30 gap=4/30
v=(2,8,10,12,14,19,22,23) t=7/30 gap=4/30
v=(2,8,10,12,14,19,22,26) t=1/16 gap=2/16
v=(2,8,10,12,14,19,22,29) t=7/30 gap=4/30
v=(2,8,10,12,14,19,22,32) t=7/30 gap=4/30
v=(2,8,10,12,14,19,22,49) t=7/30 gap=4/30
v=(2,8,10,12,14,20,21,22) t=8/30 gap=4/30
v=(2,8,10,12,14,20,22,23) t=7/30 gap=4/30
v=(2,8,10,12,14,20,22,24) t=7/30 gap=4/30
v=(2,8,10,12,14,20,22,25) t=7/30 gap=4/30
v=(2,8,10,12,14,20,22,26) t=1/16 gap=2/16
v=(2,8,10,12,14,20,22,27) t=7/30 gap=4/30
v=(2,8,10,12,14,20,22,28) t=7/30 gap=4/30
v=(2,8,10,12,14,20,22,29) t=7/30 gap=4/30
v=(2,8,10,12,14,20,22,30) t=1/16 gap=2/16
v=(2,8,10,12,14,20,22,31) t=7/30 gap=4/30
v=(2,8,10,12,14,20,22,32) t=7/30 gap=4/30
v=(2,8,10,12,14,20,22,33) t=7/30 gap=4/30
v=(2,8,10,12,14,20,22,34) t=1/16 gap=2/16
v=(2,8,10,12,14,20,22,35) t=7/30 gap=4/30
v=(2,8,10,12,14,20,22,36) t=7/30 gap=4/30
v=(2,8,10,12,14,20,22,37) t=7/30 gap=4/30
v=(2,8,10,12,14,20,22,38) t=7/30 gap=4/30
v=(2,8,10,12,14,20,22,39) t=8/30 gap=4/30
v=(2,8,10,12,14,20,22,40) t=7/30 gap=4/30
v=(2,8,10,12,14,20,22,41) t=7/30 gap=4/30
v=(2,8,10,12,14,20,22,42) t=7/30 gap=4/30
v=(2,8,10,12,14,20,22,43) t=12/45 gap=6/45
v=(2,8,10,12,14,20,22,44) t=7/30 gap=4/30
v=(2,8,10,12,14,20,22,45) t=21/90 gap=12/90
v=(2,8,10,12,14,20,22,46) t=7/30 gap=4/30
v=(2,8,10,12,14,20,22,47) t=12/45 gap=6/45
v=(2,8,10,12,14,20,22,48) t=7/30 gap=4/30
v=(2,8,10,12,14,20,22,49) t=7/30 gap=4/30
v=(2,8,10,12,14,20,22,50) t=7/30 gap=4/30
v=(2,8,10,12,14,21,22,26) t=1/16 gap=2/16
v=(2,8,10,12,14,21,22,32) t=8/30 gap=4/30
v=(2,8,10,12,14,22,23,26) t=1/16 gap=2/16
v=(2,8,10,12,14,22,23,32) t=7/30 gap=4/30
v=(2,8,10,12,14,22,23,33) t=7/30 gap=4/30
v=(2,8,10,12,14,22,23,39) t=8/30 gap=4/30
v=(2,8,10,12,14,22,24,26) t=1/16 gap=2/16
v=(2,8,10,12,14,22,24,32) t=7/30 gap=4/30
v=(2,8,10,12,14,22,25,26) t=1/16 gap=2/16
v=(2,8,10,12,14,22,25,32) t=7/30 gap=4/30
v=(2,8,10,12,14,22,26,27) t=1/16 gap=2/16
v=(2,8,10,12,14,22,26,28) t=1/16 gap=2/16
v=(2,8,10,12,14,22,26,29) t=1/16 gap=2/16
v=(2,8,10,12,14,22,26,30) t=1/16 gap=2/16
v=(2,8,10,12,14,22,26,31) t=3/16 gap=2/16
v=(2,8,10,12,14,22,26,32) t=2/34 gap=4/34
v=(2,8,10,12,14,22,26,33) t=3/16 gap=2/16
v=(2,8,10,12,14,22,26,34) t=1/16 gap=2/16
v=(2,8,10,12,14,22,26,35) t=1/16 gap=2/16
v=(2,8,10,12,14,22,26,36) t=1/16 gap=2/16
v=(2,8,10,12,14,22,26,37) t=1/16 gap=2/16
v=(2,8,10,12,14,22,26,38) t=1/16 gap=2/16
v=(2,8,10,12,14,22,26,39) t=1/16 gap=2/16
v=(2,8,10,12,14,22,26,40) t=1/16 gap=2/16
v=(2,8,10,12,14,22,26,41) t=1/16 gap=2/16
v=(2,8,10,12,14,22,26,42) t=1/16 gap=2/16
v=(2,8,10,12,14,22,26,43) t=1/16 gap=2/16
v=(2,8,10,12,14,22,26,44) t=1/16 gap=2/16
v=(2,8,10,12,14,22,26,45) t=1/16 gap=2/16
v=(2,8,10,12,14,22,26,46) t=1/16 gap=2/16
v=(2,8,10,12,14,22,26,47) t=3/16 gap=2/16
v=(2,8,10,12,14,22,26,48) t=3/50 gap=6/50
v=(2,8,10,12,14,22,26,49) t=3/16 gap=2/16
v=(2,8,10,12,14,22,26,50) t=1/16 gap=2/16
v=(2,8,10,12,14,22,27,32) t=7/30 gap=4/30
v=(2,8,10,12,14,22,28,32) t=7/30 gap=4/30
v=(2,8,10,12,14,22,29,32) t=7/30 gap=4/30
v=(2,8,10,12,14,22,29,33) t=7/30 gap=4/30
v=(2,8,10,12,14,22,29,39) t=8/30 gap=4/30
v=(2,8,10,12,14,22,30,32) t=7/46 gap=6/46
v=(2,8,10,12,14,22,31,32) t=7/30 gap=4/30
v=(2,8,10,12,14,22,32,33) t=7/30 gap=4/30
v=(2,8,10,12,14,22,32,34) t=7/46 gap=6/46
v=(2,8,10,12,14,22,32,35) t=7/30 gap=4/30
v=(2,8,10,12,14,22,32,36) t=7/30 gap=4/30
v=(2,8,10,12,14,22,32,37) t=7/30 gap=4/30
v=(2,8,10,12,14,22,32,38) t=7/30 gap=4/30
v=(2,8,10,12,14,22,32,39) t=8/30 gap=4/30
v=(2,8,10,12,14,22,32,40) t=7/30 gap=4/30
v=(2,8,10,12,14,22,32,41) t=7/30 gap=4/30
v=(2,8,10,12,14,22,32,42) t=7/30 gap=4/30
v=(2,8,10,12,14,22,32,43) t=8/30 gap=4/30
v=(2,8,10,12,14,22,32,44) t=7/30 gap=4/30
v=(2,8,10,12,14,22,32,45) t=21/90 gap=12/90
v=(2,8,10,12,14,22,32,46) t=7/30 gap=4/30
v=(2,8,10,12,14,22,32,47) t=8/30 gap=4/30
v=(2,8,10,12,14,22,32,48) t=7/30 gap=4/30
v=(2,8,10,12,14,22,32,49) t=7/30 gap=4/30
v=(2,8,10,12,14,22,32,50) t=7/30 gap=4/30
v=(2,8,10,12,14,22,33,49) t=7/30 gap=4/30
v=(2,8,10,12,14,22,38,46) t=7/30 gap=4/30
v=(2,8,10,12,14,22,39,49) t=21/61 gap=8/61
v=(2,8,10,12,18,20,22,28) t=2/30 gap=4/30
v=(2,8,10,12,20,22,28,32) t=2/30 gap=4/30
v=(2,8,10,12,20,22,28,36) t=2/30 gap=4/30
v=(2,8,10,12,20,22,28,50) t=2/30 gap=4/30
v=(2,8,10,12,22,28,32,40) t=2/30 gap=4/30
v=(2,8,10,12,26,28,32,40) t=2/30 gap=4/30
v=(2,8,10,14,22,24,38,46) t=7/30 gap=4/30
v=(2,8,11,12,13,14,19,20) t=6/31 gap=4/31
v=(2,8,11,12,13,14,20,28) t=6/31 gap=4/31
v=(2,8,12,14,16,18,20,22) t=7/30 gap=4/30
v=(2,8,12,14,16,20,22,28) t=7/30 gap=4/30
v=(2,8,12,14,16,20,22,38) t=7/30 gap=4/30
v=(2,8,12,14,16,20,22,46) t=7/30 gap=4/30
v=(2,8,12,14,18,20,22,26) t=1/16 gap=2/16
v=(2,8,12,14,18,20,22,42) t=7/30 gap=4/30
v=(2,8,12,14,20,22,26,28) t=1/16 gap=2/16
v=(2,8,12,14,20,22,26,38) t=5/46 gap=6/46
v=(2,8,12,14,20,22,26,46) t=1/16 gap=2/16
v=(2,8,12,14,20,22,28,42) t=7/30 gap=4/30
v=(2,8,12,14,20,22,38,42) t=7/30 gap=4/30
v=(2,8,12,14,20,22,42,46) t=7/30 gap=4/30
v=(2,8,12,24,26,28,32,40) t=2/30 gap=4/30
v=(2,8,12,26,28,32,34,40) t=2/30 gap=4/30
v=(2,8,14,22,24,26,38,40) t=5/46 gap=6/46
v=(2,8,22,24,26,28,40,50) t=2/30 gap=4/30
v=(2,8,24,26,28,32,40,44) t=11/64 gap=8/64
v=(2,9,10,11,12,13,14,16) t=2/15 gap=2/15
v=(2,9,11,12,13,14,15,44) t=16/46 gap=6/46
v=(2,9,11,12,13,14,15,47) t=18/61 gap=8/61
v=(2,9,11,12,13,14,16,20) t=2/15 gap=2/15
v=(2,9,11,12,13,15,17,28) t=3/24 gap=3/24
v=(2,10,12,14,16,18,26,34) t=4/30 gap=4/30
v=(2,10,12,14,16,22,26,34) t=11/46 gap=6/46
v=(2,10,12,14,16,22,26,38) t=12/50 gap=6/50
v=(2,10,12,14,16,22,26,42) t=6/34 gap=4/34
v=(2,10,12,14,16,26,34,36) t=4/30 gap=4/30
v=(2,10,12,14,16,26,34,40) t=4/30 gap=4/30
v=(2,10,12,14,22,24,26,34) t=6/46 gap=6/46
v=(2,10,12,14,22,24,26,38) t=3/48 gap=6/48
v=(2,10,12,14,22,24,26,42) t=6/46 gap=6/46
v=(2,10,12,14,26,38,40,50) t=10/78 gap=10/78
v=(2,12,14,16,18,20,22,34) t=11/46 gap=6/46
v=(2,12,14,16,18,20,22,38) t=7/30 gap=4/30
v=(2,12,14,16,18,20,26,34) t=4/30 gap=4/30
v=(2,12,14,16,18,20,30,34) t=11/46 gap=6/46
v=(2,12,14,16,18,20,30,50) t=11/62 gap=8/62
v=(2,12,14,16,18,20,34,48) t=4/30 gap=4/30
v=(2,12,14,16,18,30,32,34) t=7/46 gap=6/46
v=(2,12,16,18,20,22,28,34) t=11/46 gap=6/46
v=(2,12,16,20,22,28,34,36) t=11/46 gap=6/46
v=(2,12,18,20,22,24,30,42) t=12/62 gap=8/62
v=(2,12,22,26,28,30,32,34) t=11/46 gap=6/46
v=(2,12,26,28,30,32,34,36) t=11/60 gap=8/60
v=(3,4,5,9,12,15,20,35) t=11/38 gap=5/38
v=(3,4,6,9,12,15,18,21) t=1/8 gap=1/8
v=(3,4,6,9,12,15,18,42) t=2/45 gap=6/45
v=(3,4,6,9,12,15,21,36) t=1/8 gap=1/8
v=(3,4,7,10,13,16,18,23) t=14/31 gap=4/31
v=(3,4,7,10,13,17,38,42) t=2/45 gap=6/45
v=(3,4,8,11,12,14,18,20) t=7/15 gap=2/15
v=(3,4,8,12,16,20,24,28) t=3/32 gap=4/32
v=(3,4,8,12,16,20,28,48) t=3/32 gap=4/32
v=(3,4,9,12,13,15,17,21) t=7/38 gap=5/38
v=(3,4,9,12,15,18,21,33) t=7/45 gap=6/45
v=(3,4,9,12,15,21,33,36) t=7/45 gap=6/45
v=(3,4,9,13,15,17,21,24) t=4/45 gap=6/45
v=(3,4,11,12,14,16,18,20) t=2/15 gap=2/15
v=(3,4,12,14,16,20,26,28) t=2/15 gap=2/15
v=(3,4,12,15,18,21,30,33) t=7/45 gap=6/45
v=(3,4,12,15,18,21,33,39) t=1/8 gap=1/8
v=(3,4,12,15,18,21,33,48) t=7/45 gap=6/45
v=(3,4,12,16,20,24,28,44) t=2/15 gap=2/15
v=(3,4,12,16,20,26,28,29) t=2/15 gap=2/15
v=(3,4,12,16,20,28,44,48) t=2/15 gap=2/15
v=(3,4,16,20,24,28,40,44) t=7/60 gap=8/60
v=(3,5,6,9,12,15,18,21) t=1/24 gap=3/24
v=(3,5,6,9,12,15,18,42) t=2/45 gap=6/45
v=(3,5,6,9,12,15,21,36) t=1/24 gap=3/24
v=(3,5,7,9,12,15,21,35) t=23/47 gap=6/47
v=(3,5,8,13,18,21,23,30) t=14/31 gap=4/31
v=(3,5,8,13,18,21,30,33) t=2/23 gap=3/23
v=(3,5,8,13,18,21,30,35) t=14/31 gap=4/31
v=(3,5,9,12,15,18,21,33) t=7/45 gap=6/45
v=(3,5,9,12,15,20,25,35) t=11/38 gap=5/38
v=(3,5,9,12,15,21,33,36) t=7/45 gap=6/45
v=(3,5,10,15,20,25,30,35) t=3/40 gap=5/40
v=(3,5,12,15,18,21,30,33) t=7/45 gap=6/45
v=(3,5,12,15,18,21,33,39) t=1/24 gap=3/24
v=(3,5,12,15,18,21,33,48) t=7/45 gap=6/45
v=(3,6,7,9,12,15,18,21) t=1/24 gap=3/24
v=(3,6,7,9,12,15,18,42) t=2/45 gap=6/45
v=(3,6,7,9,12,15,21,36) t=1/24 gap=3/24
v=(3,6,8,9,12,15,18,21) t=1/24 gap=3/24
v=(3,6,8,9,12,15,18,42) t=2/45 gap=6/45
v=(3,6,8,9,12,15,21,36) t=1/24 gap=3/24
v=(3,6,8,11,14,17,18,20) t=1/23 gap=3/23
v=(3,6,9,10,12,15,18,21) t=1/24 gap=3/24
v=(3,6,9,10,12,15,18,42) t=2/45 gap=6/45
v=(3,6,9,10,12,15,21,36) t=1/24 gap=3/24
v=(3,6,9,11,12,15,18,21) t=1/24 gap=3/24
v=(3,6,9,11,12,15,18,42) t=2/45 gap=6/45
v=(3,6,9,11,12,15,21,36) t=1/24 gap=3/24
v=(3,6,9,12,13,15,18,21) t=1/24 gap=3/24
v=(3,6,9,12,13,15,18,42) t=2/45 gap=6/45
v=(3,6,9,12,13,15,21,36) t=1/24 gap=3/24
v=(3,6,9,12,14,15,18,21) t=1/24 gap=3/24
v=(3,6,9,12,14,15,18,42) t=2/45 gap=6/45
v=(3,6,9,12,14,15,21,36) t=1/24 gap=3/24
v=(3,6,9,12,15,16,18,21) t=1/24 gap=3/24
v=(3,6,9,12,15,16,18,42) t=2/45 gap=6/45
v=(3,6,9,12,15,16,21,36) t=1/24 gap=3/24
v=(3,6,9,12,15,17,18,21) t=1/24 gap=3/24
v=(3,6,9,12,15,17,18,42) t=2/45 gap=6/45
v=(3,6,9,12,15,17,21,36) t=1/24 gap=3/24
v=(3,6,9,12,15,18,19,21) t=1/24 gap=3/24
v=(3,6,9,12,15,18,19,42) t=2/45 gap=6/45
v=(3,6,9,12,15,18,20,21) t=1/24 gap=3/24
v=(3,6,9,12,15,18,20,42) t=13/45 gap=6/45
v=(3,6,9,12,15,18,21,22) t=3/24 gap=3/24
v=(3,6,9,12,15,18,21,23) t=3/24 gap=3/24
v=(3,6,9,12,15,18,21,24) t=1/27 gap=3/27
v=(3,6,9,12,15,18,21,25) t=3/24 gap=3/24
v=(3,6,9,12,15,18,21,26) t=3/24 gap=3/24
v=(3,6,9,12,15,18,21,27) t=1/24 gap=3/24
v=(3,6,9,12,15,18,21,28) t=1/24 gap=3/24
v=(3,6,9,12,15,18,21,29) t=1/24 gap=3/24
v=(3,6,9,12,15,18,21,30) t=1/24 gap=3/24
v=(3,6,9,12,15,18,21,31) t=1/24 gap=3/24
v=(3,6,9,12,15,18,21,32) t=1/24 gap=3/24
v=(3,6,9,12,15,18,21,33) t=1/24 gap=3/24
v=(3,6,9,12,15,18,21,34) t=1/24 gap=3/24
v=(3,6,9,12,15,18,21,35) t=1/24 gap=3/24
v=(3,6,9,12,15,18,21,36) t=1/24 gap=3/24
v=(3,6,9,12,15,18,21,37) t=1/24 gap=3/24
v=(3,6,9,12,15,18,21,38) t=1/24 gap=3/24
v=(3,6,9,12,15,18,21,39) t=1/24 gap=3/24
v=(3,6,9,12,15,18,21,40) t=1/24 gap=3/24
v=(3,6,9,12,15,18,21,41) t=1/24 gap=3/24
v=(3,6,9,12,15,18,21,42) t=1/24 gap=3/24
v=(3,6,9,12,15,18,21,43) t=1/24 gap=3/24
v=(3,6,9,12,15,18,21,44) t=1/24 gap=3/24
v=(3,6,9,12,15,18,21,45) t=1/24 gap=3/24
v=(3,6,9,12,15,18,21,46) t=3/24 gap=3/24
v=(3,6,9,12,15,18,21,47) t=3/24 gap=3/24
v=(3,6,9,12,15,18,21,48) t=2/51 gap=6/51
v=(3,6,9,12,15,18,21,49) t=3/24 gap=3/24
v=(3,6,9,12,15,18,21,50) t=3/24 gap=3/24
v=(3,6,9,12,15,18,22,42) t=13/45 gap=6/45
v=(3,6,9,12,15,18,23,42) t=13/45 gap=6/45
v=(3,6,9,12,15,18,24,42) t=7/48 gap=6/48
v=(3,6,9,12,15,18,25,42) t=13/45 gap=6/45
v=(3,6,9,12,15,18,26,42) t=2/45 gap=6/45
v=(3,6,9,12,15,18,27,42) t=2/45 gap=6/45
v=(3,6,9,12,15,18,28,42) t=2/45 gap=6/45
v=(3,6,9,12,15,18,29,42) t=2/45 gap=6/45
v=(3,6,9,12,15,18,30,42) t=2/45 gap=6/45
v=(3,6,9,12,15,18,31,42) t=2/45 gap=6/45
v=(3,6,9,12,15,18,32,42) t=2/45 gap=6/45
v=(3,6,9,12,15,18,33,42) t=2/45 gap=6/45
v=(3,6,9,12,15,18,34,42) t=2/45 gap=6/45
v=(3,6,9,12,15,18,35,42) t=2/45 gap=6/45
v=(3,6,9,12,15,18,36,42) t=2/45 gap=6/45
v=(3,6,9,12,15,18,37,42) t=2/45 gap=6/45
v=(3,6,9,12,15,18,38,42) t=2/45 gap=6/45
v=(3,6,9,12,15,18,39,42) t=2/45 gap=6/45
v=(3,6,9,12,15,18,40,42) t=2/45 gap=6/45
v=(3,6,9,12,15,18,41,42) t=2/45 gap=6/45
v=(3,6,9,12,15,18,42,43) t=13/45 gap=6/45
v=(3,6,9,12,15,18,42,44) t=13/45 gap=6/45
v=(3,6,9,12,15,18,42,45) t=1/24 gap=3/24
v=(3,6,9,12,15,18,42,46) t=13/45 gap=6/45
v=(3,6,9,12,15,18,42,47) t=13/45 gap=6/45
v=(3,6,9,12,15,18,42,48) t=2/45 gap=6/45
v=(3,6,9,12,15,18,42,49) t=2/45 gap=6/45
v=(3,6,9,12,15,18,42,50) t=2/45 gap=6/45
v=(3,6,9,12,15,19,21,36) t=1/24 gap=3/24
v=(3,6,9,12,15,20,21,36) t=1/24 gap=3/24
v=(3,6,9,12,15,21,22,36) t=3/24 gap=3/24
v=(3,6,9,12,15,21,23,36) t=3/24 gap=3/24
v=(3,6,9,12,15,21,24,36) t=3/51 gap=6/51
v=(3,6,9,12,15,21,25,36) t=3/24 gap=3/24
v=(3,6,9,12,15,21,26,36) t=3/24 gap=3/24
v=(3,6,9,12,15,21,27,36) t=1/24 gap=3/24
v=(3,6,9,12,15,21,28,36) t=1/24 gap=3/24
v=(3,6,9,12,15,21,29,36) t=1/24 gap=3/24
v=(3,6,9,12,15,21,30,36) t=1/24 gap=3/24
v=(3,6,9,12,15,21,31,36) t=1/24 gap=3/24
v=(3,6,9,12,15,21,32,36) t=1/24 gap=3/24
v=(3,6,9,12,15,21,33,36) t=1/24 gap=3/24
v=(3,6,9,12,15,21,34,36) t=1/24 gap=3/24
v=(3,6,9,12,15,21,35,36) t=1/24 gap=3/24
v=(3,6,9,12,15,21,36,37) t=1/24 gap=3/24
v=(3,6,9,12,15,21,36,38) t=1/24 gap=3/24
v=(3,6,9,12,15,21,36,39) t=1/24 gap=3/24
v=(3,6,9,12,15,21,36,40) t=1/24 gap=3/24
v=(3,6,9,12,15,21,36,41) t=1/24 gap=3/24
v=(3,6,9,12,15,21,36,42) t=1/24 gap=3/24
v=(3,6,9,12,15,21,36,43) t=1/24 gap=3/24
v=(3,6,9,12,15,21,36,44) t=1/24 gap=3/24
v=(3,6,9,12,15,21,36,45) t=1/24 gap=3/24
v=(3,6,9,12,15,21,36,46) t=3/24 gap=3/24
v=(3,6,9,12,15,21,36,47) t=3/24 gap=3/24
v=(3,6,9,12,15,21,36,48) t=2/51 gap=6/51
v=(3,6,9,12,15,21,36,49) t=3/24 gap=3/24
v=(3,6,9,12,15,21,36,50) t=3/24 gap=3/24
v=(3,6,9,12,15,36,39,42) t=2/45 gap=6/45
v=(3,6,9,15,18,21,24,27) t=4/45 gap=6/45
v=(3,6,9,15,18,21,24,39) t=4/45 gap=6/45
v=(3,6,9,15,21,24,27,36) t=4/45 gap=6/45
v=(3,6,9,15,21,24,36,39) t=4/45 gap=6/45
v=(3,6,9,15,21,33,36,39) t=6/69 gap=9/69
v=(3,6,9,15,21,36,39,45) t=3/72 gap=9/72
v=(3,6,9,15,33,36,39,42) t=2/45 gap=6/45
v=(3,6,9,18,21,24,27,30) t=4/45 gap=6/45
v=(3,6,9,30,33,36,39,42) t=2/45 gap=6/45
v=(3,6,9,33,36,39,42,45) t=3/72 gap=9/72
v=(3,6,12,15,18,21,30,33) t=1/24 gap=3/24
v=(3,6,12,15,18,21,33,39) t=1/24 gap=3/24
v=(3,6,12,15,18,21,33,48) t=7/69 gap=9/69
v=(3,6,12,15,18,21,42,48) t=11/90 gap=12/90
v=(3,6,12,15,18,24,30,42) t=5/48 gap=6/48
v=(3,6,12,15,18,30,33,42) t=2/45 gap=6/45
v=(3,6,12,15,18,30,42,48) t=2/45 gap=6/45
v=(3,6,12,18,21,24,30,42) t=3/48 gap=6/48
v=(3,6,12,18,24,30,36,42) t=3/48 gap=6/48
v=(3,6,15,18,21,24,33,39) t=6/51 gap=6/51
v=(3,6,15,18,21,24,39,42) t=4/45 gap=6/45
v=(3,6,15,18,21,33,36,39) t=6/69 gap=9/69
v=(3,6,18,21,24,27,30,33) t=5/48 gap=6/48
v=(3,6,18,21,24,27,30,42) t=4/45 gap=6/45
v=(3,6,18,21,24,30,39,42) t=4/45 gap=6/45
v=(3,6,18,30,33,36,39,42) t=2/45 gap=6/45
v=(3,7,9,12,15,18,21,33) t=8/45 gap=6/45
v=(3,7,9,12,15,21,33,36) t=8/45 gap=6/45
v=(3,7,12,15,18,21,30,33) t=8/45 gap=6/45
v=(3,7,12,15,18,21,33,39) t=1/24 gap=3/24
v=(3,7,12,15,18,21,33,48) t=8/45 gap=6/45
v=(3,7,14,21,28,35,42,49) t=3/56 gap=7/56
v=(3,8,9,12,15,18,21,33) t=7/45 gap=6/45
v=(3,8,9,12,15,21,33,36) t=7/45 gap=6/45
v=(3,8,11,14,17,18,20,25) t=6/31 gap=4/31
v=(3,8,12,15,18,21,30,33) t=7/45 gap=6/45
v=(3,8,12,15,18,21,33,39) t=1/24 gap=3/24
v=(3,8,12,15,18,21,33,48) t=7/45 gap=6/45
v=(3,9,10,12,15,18,21,33) t=7/45 gap=6/45
v=(3,9,10,12,15,21,33,36) t=7/45 gap=6/45
v=(3,9,11,12,13,15,21,35) t=23/47 gap=6/47
v=(3,9,11,12,15,18,21,33) t=7/45 gap=6/45
v=(3,9,11,12,15,21,33,36) t=7/45 gap=6/45
v=(3,9,12,13,15,18,21,33) t=8/45 gap=6/45
v=(3,9,12,13,15,21,33,36) t=8/45 gap=6/45
v=(3,9,12,14,15,18,21,33) t=7/45 gap=6/45
v=(3,9,12,14,15,21,33,36) t=7/45 gap=6/45
v=(3,9,12,15,16,18,21,33) t=7/45 gap=6/45
v=(3,9,12,15,16,21,33,36) t=7/45 gap=6/45
v=(3,9,12,15,17,18,21,33) t=7/45 gap=6/45
v=(3,9,12,15,17,21,33,36) t=7/45 gap=6/45
v=(3,9,12,15,18,19,21,33) t=8/45 gap=6/45
v=(3,9,12,15,18,20,21,33) t=8/45 gap=6/45
v=(3,9,12,15,18,21,22,33) t=7/45 gap=6/45
v=(3,9,12,15,18,21,23,33) t=7/45 gap=6/45
v=(3,9,12,15,18,21,24,33) t=7/45 gap=6/45
v=(3,9,12,15,18,21,25,33) t=8/45 gap=6/45
v=(3,9,12,15,18,21,26,33) t=8/45 gap=6/45
v=(3,9,12,15,18,21,27,33) t=7/45 gap=6/45
v=(3,9,12,15,18,21,27,39) t=1/24 gap=3/24
v=(3,9,12,15,18,21,27,45) t=1/24 gap=3/24
v=(3,9,12,15,18,21,28,33) t=7/45 gap=6/45
v=(3,9,12,15,18,21,29,33) t=7/45 gap=6/45
v=(3,9,12,15,18,21,30,33) t=7/45 gap=6/45
v=(3,9,12,15,18,21,31,33) t=7/45 gap=6/45
v=(3,9,12,15,18,21,32,33) t=8/45 gap=6/45
v=(3,9,12,15,18,21,33,34) t=7/45 gap=6/45
v=(3,9,12,15,18,21,33,35) t=7/45 gap=6/45
v=(3,9,12,15,18,21,33,36) t=7/45 gap=6/45
v=(3,9,12,15,18,21,33,37) t=7/45 gap=6/45
v=(3,9,12,15,18,21,33,38) t=8/45 gap=6/45
v=(3,9,12,15,18,21,33,39) t=1/24 gap=3/24
v=(3,9,12,15,18,21,33,40) t=7/45 gap=6/45
v=(3,9,12,15,18,21,33,41) t=7/45 gap=6/45
v=(3,9,12,15,18,21,33,42) t=7/45 gap=6/45
v=(3,9,12,15,18,21,33,43) t=7/45 gap=6/45
v=(3,9,12,15,18,21,33,44) t=7/45 gap=6/45
v=(3,9,12,15,18,21,33,45) t=1/24 gap=3/24
v=(3,9,12,15,18,21,33,46) t=7/45 gap=6/45
v=(3,9,12,15,18,21,33,47) t=7/45 gap=6/45
v=(3,9,12,15,18,21,33,48) t=7/45 gap=6/45
v=(3,9,12,15,18,21,33,49) t=7/45 gap=6/45
v=(3,9,12,15,18,21,33,50) t=7/45 gap=6/45
v=(3,9,12,15,18,27,33,42) t=2/45 gap=6/45
v=(3,9,12,15,18,27,39,42) t=2/45 gap=6/45
v=(3,9,12,15,18,27,42,45) t=1/24 gap=3/24
v=(3,9,12,15,18,33,42,48) t=2/45 gap=6/45
v=(3,9,12,15,19,21,33,36) t=8/45 gap=6/45
v=(3,9,12,15,20,21,33,36) t=8/45 gap=6/45
v=(3,9,12,15,21,22,33,36) t=7/45 gap=6/45
v=(3,9,12,15,21,23,33,36) t=7/45 gap=6/45
v=(3,9,12,15,21,24,33,36) t=7/45 gap=6/45
v=(3,9,12,15,21,25,33,36) t=8/45 gap=6/45
v=(3,9,12,15,21,26,33,36) t=8/45 gap=6/45
v=(3,9,12,15,21,27,33,36) t=7/45 gap=6/45
v=(3,9,12,15,21,27,36,39) t=1/24 gap=3/24
v=(3,9,12,15,21,27,36,45) t=1/24 gap=3/24
v=(3,9,12,15,21,28,33,36) t=7/45 gap=6/45
v=(3,9,12,15,21,29,33,36) t=7/45 gap=6/45
v=(3,9,12,15,21,30,33,36) t=7/45 gap=6/45
v=(3,9,12,15,21,31,33,36) t=7/45 gap=6/45
v=(3,9,12,15,21,32,33,36) t=8/45 gap=6/45
v=(3,9,12,15,21,33,34,36) t=7/45 gap=6/45
v=(3,9,12,15,21,33,35,36) t=7/45 gap=6/45
v=(3,9,12,15,21,33,36,37) t=7/45 gap=6/45
v=(3,9,12,15,21,33,36,38) t=8/45 gap=6/45
v=(3,9,12,15,21,33,36,39) t=1/24 gap=3/24
v=(3,9,12,15,21,33,36,40) t=7/45 gap=6/45
v=(3,9,12,15,21,33,36,41) t=7/45 gap=6/45
v=(3,9,12,15,21,33,36,42) t=7/45 gap=6/45
v=(3,9,12,15,21,33,36,43) t=7/45 gap=6/45
v=(3,9,12,15,21,33,36,44) t=7/45 gap=6/45
v=(3,9,12,15,21,33,36,45) t=1/24 gap=3/24
v=(3,9,12,15,21,33,36,46) t=7/45 gap=6/45
v=(3,9,12,15,21,33,36,47) t=7/45 gap=6/45
v=(3,9,12,15,21,33,36,48) t=7/45 gap=6/45
v=(3,9,12,15,21,33,36,49) t=7/45 gap=6/45
v=(3,9,12,15,21,33,36,50) t=7/45 gap=6/45
v=(3,9,12,15,27,36,39,42) t=2/45 gap=6/45
v=(3,9,12,18,21,27,30,39) t=1/24 gap=3/24
v=(3,10,12,15,18,21,30,33) t=7/45 gap=6/45
v=(3,10,12,15,18,21,33,39) t=1/24 gap=3/24
v=(3,10,12,15,18,21,33,48) t=7/45 gap=6/45
v=(3,11,12,15,18,21,30,33) t=7/45 gap=6/45
v=(3,11,12,15,18,21,33,39) t=1/24 gap=3/24
v=(3,11,12,15,18,21,33,48) t=7/45 gap=6/45
v=(3,12,13,15,18,21,30,33) t=8/45 gap=6/45
v=(3,12,13,15,18,21,33,39) t=1/24 gap=3/24
v=(3,12,13,15,18,21,33,48) t=8/45 gap=6/45
v=(3,12,14,15,18,21,30,33) t=7/45 gap=6/45
v=(3,12,14,15,18,21,33,39) t=1/24 gap=3/24
v=(3,12,14,15,18,21,33,48) t=7/45 gap=6/45
v=(3,12,15,16,18,21,30,33) t=7/45 gap=6/45
v=(3,12,15,16,18,21,33,39) t=1/24 gap=3/24
v=(3,12,15,16,18,21,33,48) t=7/45 gap=6/45
v=(3,12,15,17,18,21,30,33) t=7/45 gap=6/45
v=(3,12,15,17,18,21,33,39) t=1/24 gap=3/24
v=(3,12,15,17,18,21,33,48) t=7/45 gap=6/45
v=(3,12,15,18,19,21,30,33) t=8/45 gap=6/45
v=(3,12,15,18,19,21,33,39) t=1/24 gap=3/24
v=(3,12,15,18,19,21,33,48) t=8/45 gap=6/45
v=(3,12,15,18,20,21,30,33) t=8/45 gap=6/45
v=(3,12,15,18,20,21,33,39) t=1/24 gap=3/24
v=(3,12,15,18,20,21,33,48) t=8/45 gap=6/45
v=(3,12,15,18,21,22,30,33) t=7/45 gap=6/45
v=(3,12,15,18,21,22,33,39) t=3/24 gap=3/24
v=(3,12,15,18,21,22,33,48) t=7/45 gap=6/45
v=(3,12,15,18,21,23,30,33) t=7/45 gap=6/45
v=(3,12,15,18,21,23,33,39) t=3/24 gap=3/24
v=(3,12,15,18,21,23,33,48) t=7/45 gap=6/45
v=(3,12,15,18,21,24,30,33) t=7/45 gap=6/45
v=(3,12,15,18,21,24,33,39) t=6/51 gap=6/51
v=(3,12,15,18,21,24,33,48) t=7/45 gap=6/45
v=(3,12,15,18,21,25,30,33) t=8/45 gap=6/45
v=(3,12,15,18,21,25,33,39) t=3/24 gap=3/24
v=(3,12,15,18,21,25,33,48) t=8/45 gap=6/45
v=(3,12,15,18,21,26,30,33) t=8/45 gap=6/45
v=(3,12,15,18,21,26,33,39) t=3/24 gap=3/24
v=(3,12,15,18,21,26,33,48) t=8/45 gap=6/45
v=(3,12,15,18,21,27,30,33) t=7/45 gap=6/45
v=(3,12,15,18,21,27,33,39) t=1/24 gap=3/24
v=(3,12,15,18,21,27,33,48) t=7/45 gap=6/45
v=(3,12,15,18,21,28,30,33) t=7/45 gap=6/45
v=(3,12,15,18,21,28,33,39) t=1/24 gap=3/24
v=(3,12,15,18,21,28,33,48) t=7/45 gap=6/45
v=(3,12,15,18,21,29,30,33) t=7/45 gap=6/45
v=(3,12,15,18,21,29,33,39) t=1/24 gap=3/24
v=(3,12,15,18,21,29,33,48) t=7/45 gap=6/45
v=(3,12,15,18,21,30,31,33) t=7/45 gap=6/45
v=(3,12,15,18,21,30,32,33) t=8/45 gap=6/45
v=(3,12,15,18,21,30,33,34) t=7/45 gap=6/45
v=(3,12,15,18,21,30,33,35) t=7/45 gap=6/45
v=(3,12,15,18,21,30,33,36) t=7/45 gap=6/45
v=(3,12,15,18,21,30,33,37) t=7/45 gap=6/45
v=(3,12,15,18,21,30,33,38) t=8/45 gap=6/45
v=(3,12,15,18,21,30,33,39) t=1/24 gap=3/24
v=(3,12,15,18,21,30,33,40) t=7/45 gap=6/45
v=(3,12,15,18,21,30,33,41) t=7/45 gap=6/45
v=(3,12,15,18,21,30,33,42) t=7/45 gap=6/45
v=(3,12,15,18,21,30,33,43) t=7/45 gap=6/45
v=(3,12,15,18,21,30,33,44) t=7/45 gap=6/45
v=(3,12,15,18,21,30,33,45) t=1/24 gap=3/24
v=(3,12,15,18,21,30,33,46) t=7/45 gap=6/45
v=(3,12,15,18,21,30,33,47) t=7/45 gap=6/45
v=(3,12,15,18,21,30,33,48) t=7/45 gap=6/45
v=(3,12,15,18,21,30,33,49) t=7/45 gap=6/45
v=(3,12,15,18,21,30,33,50) t=7/45 gap=6/45
v=(3,12,15,18,21,31,33,39) t=1/24 gap=3/24
v=(3,12,15,18,21,31,33,48) t=7/45 gap=6/45
v=(3,12,15,18,21,32,33,39) t=1/24 gap=3/24
v=(3,12,15,18,21,32,33,48) t=8/45 gap=6/45
v=(3,12,15,18,21,33,34,39) t=1/24 gap=3/24
v=(3,12,15,18,21,33,34,48) t=7/45 gap=6/45
v=(3,12,15,18,21,33,35,39) t=1/24 gap=3/24
v=(3,12,15,18,21,33,35,48) t=7/45 gap=6/45
v=(3,12,15,18,21,33,36,39) t=1/24 gap=3/24
v=(3,12,15,18,21,33,36,48) t=7/45 gap=6/45
v=(3,12,15,18,21,33,37,39) t=1/24 gap=3/24
v=(3,12,15,18,21,33,37,48) t=7/45 gap=6/45
v=(3,12,15,18,21,33,38,39) t=1/24 gap=3/24
v=(3,12,15,18,21,33,38,48) t=8/45 gap=6/45
v=(3,12,15,18,21,33,39,40) t=1/24 gap=3/24
v=(3,12,15,18,21,33,39,41) t=1/24 gap=3/24
v=(3,12,15,18,21,33,39,42) t=1/24 gap=3/24
v=(3,12,15,18,21,33,39,43) t=1/24 gap=3/24
v=(3,12,15,18,21,33,39,44) t=1/24 gap=3/24
v=(3,12,15,18,21,33,39,45) t=1/24 gap=3/24
v=(3,12,15,18,21,33,39,46) t=3/24 gap=3/24
v=(3,12,15,18,21,33,39,47) t=3/24 gap=3/24
v=(3,12,15,18,21,33,39,48) t=2/51 gap=6/51
v=(3,12,15,18,21,33,39,49) t=3/24 gap=3/24
v=(3,12,15,18,21,33,39,50) t=3/24 gap=3/24
v=(3,12,15,18,21,33,40,48) t=7/45 gap=6/45
v=(3,12,15,18,21,33,41,48) t=7/45 gap=6/45
v=(3,12,15,18,21,33,42,48) t=7/45 gap=6/45
v=(3,12,15,18,21,33,43,48) t=7/45 gap=6/45
v=(3,12,15,18,21,33,44,48) t=7/45 gap=6/45
v=(3,12,15,18,21,33,45,48) t=7/69 gap=9/69
v=(3,12,15,18,21,33,46,48) t=7/45 gap=6/45
v=(3,12,15,18,21,33,47,48) t=7/45 gap=6/45
v=(3,12,15,18,21,33,48,49) t=7/45 gap=6/45
v=(3,12,15,18,21,33,48,50) t=7/45 gap=6/45
v=(3,12,15,18,27,30,33,42) t=2/45 gap=6/45
v=(3,12,15,18,30,33,42,48) t=2/45 gap=6/45
v=(3,12,18,21,24,27,30,33) t=7/45 gap=6/45
v=(3,12,18,21,24,30,33,42) t=7/45 gap=6/45
v=(3,12,18,21,27,30,33,39) t=1/24 gap=3/24
v=(3,12,18,21,30,33,39,42) t=1/24 gap=3/24
v=(4,5,8,12,16,20,24,28) t=1/32 gap=4/32
v=(4,5,8,12,16,20,28,48) t=1/32 gap=4/32
v=(4,5,9,12,14,16,20,26) t=1/30 gap=4/30
v=(4,5,9,13,17,22,24,28) t=1/15 gap=2/15
v=(4,5,10,15,20,25,30,35) t=1/8 gap=1/8
v=(4,5,12,14,16,19,20,26) t=2/15 gap=2/15
v=(4,5,12,14,16,20,26,28) t=4/30 gap=4/30
v=(4,5,12,14,16,20,26,37) t=1/30 gap=4/30
v=(4,5,12,16,17,20,22,28) t=1/32 gap=4/32
v=(4,5,12,16,20,24,28,44) t=2/15 gap=2/15
v=(4,5,12,16,20,28,44,48) t=2/15 gap=2/15
v=(4,5,16,20,24,28,40,44) t=2/15 gap=2/15
v=(4,6,8,12,14,18,20,26) t=1/30 gap=4/30
v=(4,6,8,12,16,20,24,28) t=1/32 gap=4/32
v=(4,6,8,12,16,20,28,48) t=1/32 gap=4/32
v=(4,6,10,12,14,16,20,26) t=1/30 gap=4/30
v=(4,6,10,12,16,18,22,28) t=1/32 gap=4/32
v=(4,6,10,14,16,20,24,26) t=1/30 gap=4/30
v=(4,6,10,14,16,20,26,36) t=1/30 gap=4/30
v=(4,6,10,14,18,22,24,26) t=1/30 gap=4/30
v=(4,6,10,14,18,24,30,42) t=3/48 gap=6/48
v=(4,6,12,14,16,18,20,26) t=1/30 gap=4/30
v=(4,6,12,14,16,20,26,28) t=4/30 gap=4/30
v=(4,6,12,14,16,20,26,46) t=1/30 gap=4/30
v=(4,6,12,16,20,24,28,44) t=4/30 gap=4/30
v=(4,6,12,16,20,28,44,48) t=7/60 gap=8/60
v=(4,6,12,18,24,30,36,42) t=3/48 gap=6/48
v=(4,6,14,16,18,22,24,30) t=9/46 gap=6/46
v=(4,6,14,16,20,24,28,44) t=4/30 gap=4/30
v=(4,6,14,18,20,22,24,26) t=1/30 gap=4/30
v=(4,6,14,18,22,24,26,30) t=3/48 gap=6/48
v=(4,6,16,20,22,24,26,28) t=1/32 gap=4/32
v=(4,6,16,20,22,26,28,48) t=1/32 gap=4/32
v=(4,6,16,20,24,26,28,44) t=4/30 gap=4/30
v=(4,6,16,20,24,28,38,44) t=7/60 gap=8/60
v=(4,6,16,20,24,28,40,44) t=4/30 gap=4/30
v=(4,6,18,21,24,30,39,42) t=4/45 gap=6/45
v=(4,6,18,22,24,26,28,30) t=3/48 gap=6/48
v=(4,6,18,22,24,26,30,42) t=3/48 gap=6/48
v=(4,7,8,12,16,20,24,28) t=1/32 gap=4/32
v=(4,7,8,12,16,20,28,48) t=1/32 gap=4/32
v=(4,7,12,14,16,20,26,28) t=11/30 gap=4/30
v=(4,7,12,16,19,20,26,28) t=1/23 gap=3/23
v=(4,7,12,16,20,24,28,44) t=7/60 gap=8/60
v=(4,7,12,16,20,28,44,48) t=7/60 gap=8/60
v=(4,7,14,21,28,35,42,49) t=1/8 gap=1/8
v=(4,7,16,20,24,28,40,44) t=7/60 gap=8/60
v=(4,8,9,12,16,20,24,28) t=1/32 gap=4/32
v=(4,8,9,12,16,20,28,48) t=1/32 gap=4/32
v=(4,8,10,12,14,18,22,26) t=1/30 gap=4/30
v=(4,8,10,12,16,20,22,28) t=1/32 gap=4/32
v=(4,8,10,12,16,20,24,28) t=1/32 gap=4/32
v=(4,8,10,12,16,20,26,28) t=2/46 gap=6/46
v=(4,8,10,12,16,20,28,48) t=1/32 gap=4/32
v=(4,8,10,18,24,28,32,40) t=2/30 gap=4/30
v=(4,8,11,12,16,20,24,28) t=1/32 gap=4/32
v=(4,8,11,12,16,20,28,48) t=1/32 gap=4/32
v=(4,8,12,13,16,20,24,28) t=1/32 gap=4/32
v=(4,8,12,13,16,20,28,48) t=1/32 gap=4/32
v=(4,8,12,14,16,20,22,28) t=1/32 gap=4/32
v=(4,8,12,14,16,20,24,28) t=1/32 gap=4/32
v=(4,8,12,14,16,20,26,28) t=2/46 gap=6/46
v=(4,8,12,14,16,20,28,48) t=1/32 gap=4/32
v=(4,8,12,14,18,20,22,26) t=1/30 gap=4/30
v=(4,8,12,15,16,20,24,28) t=1/32 gap=4/32
v=(4,8,12,15,16,20,28,48) t=1/32 gap=4/32
v=(4,8,12,16,17,20,24,28) t=1/32 gap=4/32
v=(4,8,12,16,17,20,28,48) t=1/32 gap=4/32
v=(4,8,12,16,18,20,24,28) t=1/32 gap=4/32
v=(4,8,12,16,18,20,28,48) t=1/32 gap=4/32
v=(4,8,12,16,19,20,24,28) t=1/32 gap=4/32
v=(4,8,12,16,19,20,28,48) t=1/32 gap=4/32
v=(4,8,12,16,20,21,24,28) t=1/32 gap=4/32
v=(4,8,12,16,20,21,28,48) t=1/32 gap=4/32
v=(4,8,12,16,20,22,24,28) t=1/32 gap=4/32
v=(4,8,12,16,20,22,28,34) t=13/62 gap=8/62
v=(4,8,12,16,20,22,28,48) t=1/32 gap=4/32
v=(4,8,12,16,20,23,24,28) t=1/32 gap=4/32
v=(4,8,12,16,20,23,28,48) t=1/32 gap=4/32
v=(4,8,12,16,20,24,25,28) t=1/32 gap=4/32
v=(4,8,12,16,20,24,26,28) t=1/32 gap=4/32
v=(4,8,12,16,20,24,27,28) t=1/32 gap=4/32
v=(4,8,12,16,20,24,28,29) t=3/32 gap=4/32
v=(4,8,12,16,20,24,28,30) t=3/32 gap=4/32
v=(4,8,12,16,20,24,28,31) t=5/32 gap=4/32
v=(4,8,12,16,20,24,28,32) t=1/36 gap=4/36
v=(4,8,12,16,20,24,28,33) t=5/32 gap=4/32
v=(4,8,12,16,20,24,28,34) t=3/32 gap=4/32
v=(4,8,12,16,20,24,28,35) t=3/32 gap=4/32
v=(4,8,12,16,20,24,28,36) t=1/32 gap=4/32
v=(4,8,12,16,20,24,28,37) t=1/32 gap=4/32
v=(4,8,12,16,20,24,28,38) t=1/32 gap=4/32
v=(4,8,12,16,20,24,28,39) t=1/32 gap=4/32
v=(4,8,12,16,20,24,28,40) t=1/32 gap=4/32
v=(4,8,12,16,20,24,28,41) t=1/32 gap=4/32
v=(4,8,12,16,20,24,28,42) t=1/32 gap=4/32
v=(4,8,12,16,20,24,28,43) t=1/32 gap=4/32
v=(4,8,12,16,20,24,28,44) t=1/32 gap=4/32
v=(4,8,12,16,20,24,28,45) t=1/32 gap=4/32
v=(4,8,12,16,20,24,28,46) t=1/32 gap=4/32
v=(4,8,12,16,20,24,28,47) t=1/32 gap=4/32
v=(4,8,12,16,20,24,28,48) t=1/32 gap=4/32
v=(4,8,12,16,20,24,28,49) t=1/32 gap=4/32
v=(4,8,12,16,20,24,28,50) t=1/32 gap=4/32
v=(4,8,12,16,20,25,28,48) t=1/32 gap=4/32
v=(4,8,12,16,20,26,28,34) t=2/46 gap=6/46
v=(4,8,12,16,20,26,28,48) t=1/32 gap=4/32
v=(4,8,12,16,20,27,28,48) t=1/32 gap=4/32
v=(4,8,12,16,20,28,29,48) t=3/32 gap=4/32
v=(4,8,12,16,20,28,30,48) t=3/32 gap=4/32
v=(4,8,12,16,20,28,31,48) t=5/32 gap=4/32
v=(4,8,12,16,20,28,32,48) t=3/68 gap=8/68
v=(4,8,12,16,20,28,33,48) t=5/32 gap=4/32
v=(4,8,12,16,20,28,34,48) t=3/32 gap=4/32
v=(4,8,12,16,20,28,35,48) t=3/32 gap=4/32
v=(4,8,12,16,20,28,36,48) t=1/32 gap=4/32
v=(4,8,12,16,20,28,37,48) t=1/32 gap=4/32
v=(4,8,12,16,20,28,38,48) t=1/32 gap=4/32
v=(4,8,12,16,20,28,39,48) t=1/32 gap=4/32
v=(4,8,12,16,20,28,40,48) t=1/32 gap=4/32
v=(4,8,12,16,20,28,41,48) t=1/32 gap=4/32
v=(4,8,12,16,20,28,42,48) t=1/32 gap=4/32
v=(4,8,12,16,20,28,43,48) t=1/32 gap=4/32
v=(4,8,12,16,20,28,44,48) t=1/32 gap=4/32
v=(4,8,12,16,20,28,45,48) t=1/32 gap=4/32
v=(4,8,12,16,20,28,46,48) t=1/32 gap=4/32
v=(4,8,12,16,20,28,47,48) t=1/32 gap=4/32
v=(4,8,12,16,20,28,48,49) t=1/32 gap=4/32
v=(4,8,12,16,20,28,48,50) t=1/32 gap=4/32
v=(4,8,12,20,24,28,32,36) t=4/60 gap=8/60
v=(4,8,12,20,26,28,32,34) t=2/30 gap=4/30
v=(4,8,12,20,28,32,36,48) t=4/60 gap=8/60
v=(4,8,12,24,28,32,36,40) t=4/60 gap=8/60
v=(4,8,16,20,24,28,40,44) t=1/32 gap=4/32
v=(4,8,24,28,32,36,40,44) t=5/64 gap=8/64
v=(4,9,12,14,16,20,23,26) t=1/30 gap=4/30
v=(4,9,12,14,16,20,26,28) t=4/30 gap=4/30
v=(4,9,12,16,20,24,28,44) t=2/15 gap=2/15
v=(4,9,12,16,20,28,44,48) t=8/60 gap=8/60
v=(4,9,13,17,21,24,25,30) t=4/45 gap=6/45
v=(4,9,16,20,24,28,40,44) t=2/15 gap=2/15
v=(4,10,12,14,16,18,22,26) t=1/30 gap=4/30
v=(4,10,12,14,16,20,22,26) t=1/30 gap=4/30
v=(4,10,12,14,16,20,26,28) t=4/30 gap=4/30
v=(4,10,12,14,16,20,26,34) t=1/30 gap=4/30
v=(4,10,12,14,16,20,26,50) t=1/30 gap=4/30
v=(4,10,12,14,16,22,26,38) t=1/30 gap=4/30
v=(4,10,12,14,18,22,24,26) t=1/30 gap=4/30
v=(4,10,12,16,18,20,22,28) t=1/32 gap=4/32
v=(4,10,12,16,20,22,26,28) t=1/32 gap=4/32
v=(4,10,12,16,20,22,26,42) t=1/30 gap=4/30
v=(4,10,12,16,20,22,28,44) t=7/60 gap=8/60
v=(4,10,12,16,20,24,28,44) t=4/30 gap=4/30
v=(4,10,12,16,20,26,28,44) t=4/30 gap=4/30
v=(4,10,12,16,20,28,44,48) t=4/30 gap=4/30
v=(4,10,12,16,20,28,44,50) t=4/30 gap=4/30
v=(4,10,16,20,24,28,40,44) t=4/30 gap=4/30
v=(4,11,12,14,16,20,26,28) t=2/15 gap=2/15
v=(4,11,12,16,20,24,28,44) t=2/15 gap=2/15
v=(4,11,12,16,20,28,44,48) t=2/15 gap=2/15
v=(4,11,16,20,24,28,40,44) t=2/15 gap=2/15
v=(4,12,13,14,16,20,26,28) t=4/30 gap=4/30
v=(4,12,13,16,20,24,28,44) t=2/15 gap=2/15
v=(4,12,13,16,20,28,44,48) t=7/60 gap=8/60
v=(4,12,14,15,16,20,26,28) t=11/30 gap=4/30
v=(4,12,14,16,17,20,26,28) t=4/30 gap=4/30
v=(4,12,14,16,18,20,22,26) t=1/30 gap=4/30
v=(4,12,14,16,18,20,22,28) t=1/32 gap=4/32
v=(4,12,14,16,18,20,24,28) t=4/30 gap=4/30
v=(4,12,14,16,18,20,26,28) t=4/30 gap=4/30
v=(4,12,14,16,18,20,26,34) t=1/30 gap=4/30
v=(4,12,14,16,18,20,26,50) t=1/30 gap=4/30
v=(4,12,14,16,18,20,28,48) t=4/30 gap=4/30
v=(4,12,14,16,19,20,23,26) t=7/15 gap=2/15
v=(4,12,14,16,19,20,26,28) t=2/15 gap=2/15
v=(4,12,14,16,20,21,26,28) t=4/30 gap=4/30
v=(4,12,14,16,20,22,26,28) t=1/32 gap=4/32
v=(4,12,14,16,20,22,26,46) t=1/30 gap=4/30
v=(4,12,14,16,20,22,28,44) t=7/60 gap=8/60
v=(4,12,14,16,20,23,26,28) t=11/30 gap=4/30
v=(4,12,14,16,20,23,26,37) t=1/30 gap=4/30
v=(4,12,14,16,20,24,26,28) t=4/30 gap=4/30
v=(4,12,14,16,20,24,28,44) t=4/30 gap=4/30
v=(4,12,14,16,20,25,26,28) t=4/30 gap=4/30
v=(4,12,14,16,20,26,27,28) t=4/30 gap=4/30
v=(4,12,14,16,20,26,28,29) t=4/30 gap=4/30
v=(4,12,14,16,20,26,28,30) t=2/46 gap=6/46
v=(4,12,14,16,20,26,28,31) t=4/30 gap=4/30
v=(4,12,14,16,20,26,28,32) t=4/30 gap=4/30
v=(4,12,14,16,20,26,28,33) t=4/30 gap=4/30
v=(4,12,14,16,20,26,28,34) t=4/30 gap=4/30
v=(4,12,14,16,20,26,28,35) t=4/30 gap=4/30
v=(4,12,14,16,20,26,28,36) t=4/30 gap=4/30
v=(4,12,14,16,20,26,28,37) t=11/30 gap=4/30
v=(4,12,14,16,20,26,28,38) t=2/46 gap=6/46
v=(4,12,14,16,20,26,28,39) t=4/30 gap=4/30
v=(4,12,14,16,20,26,28,40) t=4/30 gap=4/30
v=(4,12,14,16,20,26,28,41) t=4/30 gap=4/30
v=(4,12,14,16,20,26,28,42) t=4/30 gap=4/30
v=(4,12,14,16,20,26,28,43) t=4/30 gap=4/30
v=(4,12,14,16,20,26,28,44) t=4/30 gap=4/30
v=(4,12,14,16,20,26,28,45) t=33/90 gap=12/90
v=(4,12,14,16,20,26,28,46) t=4/30 gap=4/30
v=(4,12,14,16,20,26,28,47) t=4/30 gap=4/30
v=(4,12,14,16,20,26,28,48) t=4/30 gap=4/30
v=(4,12,14,16,20,26,28,49) t=4/30 gap=4/30
v=(4,12,14,16,20,26,28,50) t=4/30 gap=4/30
v=(4,12,14,16,20,26,34,46) t=1/30 gap=4/30
v=(4,12,14,16,20,26,46,50) t=1/30 gap=4/30
v=(4,12,14,16,20,28,44,48) t=7/60 gap=8/60
v=(4,12,14,16,20,28,44,50) t=4/30 gap=4/30
v=(4,12,14,18,20,22,24,26) t=1/30 gap=4/30
v=(4,12,14,18,22,24,26,30) t=3/48 gap=6/48
v=(4,12,15,16,20,24,28,44) t=11/30 gap=4/30
v=(4,12,15,16,20,28,44,48) t=11/30 gap=4/30
v=(4,12,16,17,20,24,28,44) t=8/60 gap=8/60
v=(4,12,16,17,20,28,44,48) t=8/60 gap=8/60
v=(4,12,16,18,20,22,24,28) t=1/32 gap=4/32
v=(4,12,16,18,20,22,28,34) t=13/62 gap=8/62
v=(4,12,16,18,20,22,28,48) t=1/32 gap=4/32
v=(4,12,16,18,20,24,28,44) t=4/30 gap=4/30
v=(4,12,16,18,20,28,44,48) t=4/30 gap=4/30
v=(4,12,16,19,20,24,28,44) t=2/15 gap=2/15
v=(4,12,16,19,20,28,44,48) t=2/15 gap=2/15
v=(4,12,16,20,21,24,28,44) t=7/60 gap=8/60
v=(4,12,16,20,21,28,44,48) t=7/60 gap=8/60
v=(4,12,16,20,22,24,26,28) t=1/32 gap=4/32
v=(4,12,16,20,22,24,28,44) t=7/60 gap=8/60
v=(4,12,16,20,22,26,28,34) t=13/62 gap=8/62
v=(4,12,16,20,22,26,28,48) t=1/32 gap=4/32
v=(4,12,16,20,22,28,34,36) t=13/62 gap=8/62
v=(4,12,16,20,22,28,34,44) t=13/62 gap=8/62
v=(4,12,16,20,22,28,38,44) t=7/60 gap=8/60
v=(4,12,16,20,22,28,44,48) t=7/60 gap=8/60
v=(4,12,16,20,23,24,28,44) t=7/60 gap=8/60
v=(4,12,16,20,23,28,44,48) t=7/60 gap=8/60
v=(4,12,16,20,24,25,28,44) t=8/60 gap=8/60
v=(4,12,16,20,24,26,28,44) t=4/30 gap=4/30
v=(4,12,16,20,24,27,28,44) t=2/15 gap=2/15
v=(4,12,16,20,24,28,29,44) t=6/45 gap=6/45
v=(4,12,16,20,24,28,30,44) t=7/60 gap=8/60
v=(4,12,16,20,24,28,31,44) t=2/15 gap=2/15
v=(4,12,16,20,24,28,32,44) t=7/60 gap=8/60
v=(4,12,16,20,24,28,33,44) t=6/45 gap=6/45
v=(4,12,16,20,24,28,34,44) t=4/30 gap=4/30
v=(4,12,16,20,24,28,35,44) t=8/60 gap=8/60
v=(4,12,16,20,24,28,36,44) t=7/60 gap=8/60
v=(4,12,16,20,24,28,37,44) t=7/60 gap=8/60
v=(4,12,16,20,24,28,38,44) t=7/60 gap=8/60
v=(4,12,16,20,24,28,39,44) t=7/60 gap=8/60
v=(4,12,16,20,24,28,40,44) t=7/60 gap=8/60
v=(4,12,16,20,24,28,41,44) t=6/45 gap=6/45
v=(4,12,16,20,24,28,42,44) t=4/30 gap=4/30
v=(4,12,16,20,24,28,43,44) t=8/60 gap=8/60
v=(4,12,16,20,24,28,44,45) t=33/90 gap=12/90
v=(4,12,16,20,24,28,44,46) t=7/60 gap=8/60
v=(4,12,16,20,24,28,44,47) t=7/60 gap=8/60
v=(4,12,16,20,24,28,44,48) t=7/60 gap=8/60
v=(4,12,16,20,24,28,44,49) t=6/45 gap=6/45
v=(4,12,16,20,24,28,44,50) t=7/60 gap=8/60
v=(4,12,16,20,25,28,44,48) t=8/60 gap=8/60
v=(4,12,16,20,26,28,34,44) t=4/30 gap=4/30
v=(4,12,16,20,26,28,38,44) t=1/32 gap=4/32
v=(4,12,16,20,26,28,44,48) t=4/30 gap=4/30
v=(4,12,16,20,27,28,44,48) t=2/15 gap=2/15
v=(4,12,16,20,28,29,44,48) t=7/60 gap=8/60
v=(4,12,16,20,28,30,44,48) t=7/60 gap=8/60
v=(4,12,16,20,28,31,44,48) t=7/60 gap=8/60
v=(4,12,16,20,28,32,44,48) t=7/60 gap=8/60
v=(4,12,16,20,28,33,44,48) t=6/45 gap=6/45
v=(4,12,16,20,28,34,44,48) t=4/30 gap=4/30
v=(4,12,16,20,28,34,44,50) t=4/30 gap=4/30
v=(4,12,16,20,28,35,44,48) t=8/60 gap=8/60
v=(4,12,16,20,28,36,44,48) t=7/60 gap=8/60
v=(4,12,16,20,28,37,44,48) t=7/60 gap=8/60
v=(4,12,16,20,28,38,44,48) t=7/60 gap=8/60
v=(4,12,16,20,28,38,44,50) t=7/60 gap=8/60
v=(4,12,16,20,28,39,44,48) t=7/60 gap=8/60
v=(4,12,16,20,28,40,44,48) t=7/60 gap=8/60
v=(4,12,16,20,28,41,44,48) t=6/45 gap=6/45
v=(4,12,16,20,28,42,44,48) t=4/30 gap=4/30
v=(4,12,16,20,28,43,44,48) t=8/60 gap=8/60
v=(4,12,16,20,28,44,45,48) t=33/90 gap=12/90
v=(4,12,16,20,28,44,46,48) t=7/60 gap=8/60
v=(4,12,16,20,28,44,47,48) t=7/60 gap=8/60
v=(4,12,16,20,28,44,48,49) t=6/45 gap=6/45
v=(4,12,16,20,28,44,48,50) t=7/60 gap=8/60
v=(4,12,18,20,22,24,30,42) t=12/62 gap=8/62
v=(4,13,16,20,24,28,40,44) t=2/15 gap=2/15
v=(4,14,16,18,20,24,28,44) t=4/30 gap=4/30
v=(4,14,16,20,24,28,40,44) t=4/30 gap=4/30
v=(4,14,16,20,24,28,44,46) t=4/30 gap=4/30
v=(4,14,18,22,24,26,38,40) t=1/30 gap=4/30
v=(4,15,16,20,24,28,40,44) t=11/30 gap=4/30
v=(4,16,17,20,24,28,40,44) t=8/60 gap=8/60
v=(4,16,18,20,22,24,28,38) t=8/46 gap=6/46
v=(4,16,18,20,22,28,38,48) t=8/46 gap=6/46
v=(4,16,18,20,24,26,28,44) t=4/30 gap=4/30
v=(4,16,18,20,24,28,38,44) t=8/46 gap=6/46
v=(4,16,18,20,24,28,40,44) t=8/60 gap=8/60
v=(4,16,19,20,24,28,40,44) t=2/15 gap=2/15
v=(4,16,20,21,24,28,40,44) t=7/60 gap=8/60
v=(4,16,20,22,24,28,40,44) t=7/60 gap=8/60
v=(4,16,20,23,24,28,40,44) t=7/60 gap=8/60
v=(4,16,20,24,25,28,40,44) t=8/60 gap=8/60
v=(4,16,20,24,26,28,40,44) t=4/30 gap=4/30
v=(4,16,20,24,26,28,44,46) t=4/30 gap=4/30
v=(4,16,20,24,27,28,40,44) t=7/60 gap=8/60
v=(4,16,20,24,28,29,40,44) t=6/45 gap=6/45
v=(4,16,20,24,28,30,40,44) t=7/60 gap=8/60
v=(4,16,20,24,28,31,40,44) t=2/15 gap=2/15
v=(4,16,20,24,28,32,40,44) t=7/60 gap=8/60
v=(4,16,20,24,28,33,40,44) t=7/60 gap=8/60
v=(4,16,20,24,28,34,40,44) t=4/30 gap=4/30
v=(4,16,20,24,28,35,40,44) t=8/60 gap=8/60
v=(4,16,20,24,28,36,40,44) t=7/60 gap=8/60
v=(4,16,20,24,28,37,40,44) t=7/60 gap=8/60
v=(4,16,20,24,28,38,40,44) t=7/60 gap=8/60
v=(4,16,20,24,28,38,44,46) t=7/60 gap=8/60
v=(4,16,20,24,28,39,40,44) t=7/60 gap=8/60
v=(4,16,20,24,28,40,41,44) t=6/45 gap=6/45
v=(4,16,20,24,28,40,42,44) t=8/60 gap=8/60
v=(4,16,20,24,28,40,43,44) t=8/60 gap=8/60
v=(4,16,20,24,28,40,44,45) t=33/90 gap=12/90
v=(4,16,20,24,28,40,44,46) t=7/60 gap=8/60
v=(4,16,20,24,28,40,44,47) t=7/60 gap=8/60
v=(4,16,20,24,28,40,44,48) t=7/60 gap=8/60
v=(4,16,20,24,28,40,44,49) t=6/45 gap=6/45
v=(4,16,20,24,28,40,44,50) t=7/60 gap=8/60
v=(4,16,22,24,26,28,38,40) t=6/62 gap=8/62
v=(4,16,24,28,32,36,40,44) t=7/60 gap=8/60
v=(4,18,20,22,24,26,28,32) t=2/30 gap=4/30
v=(4,18,22,24,26,28,32,40) t=2/30 gap=4/30
v=(5,6,10,15,20,25,30,35) t=1/40 gap=5/40
v=(5,6,12,18,24,30,36,42) t=3/48 gap=6/48
v=(5,6,18,21,24,30,39,42) t=4/45 gap=6/45
v=(5,7,10,15,20,25,30,35) t=1/40 gap=5/40
v=(5,7,14,21,28,35,42,49) t=3/56 gap=7/56
v=(5,8,10,15,20,25,30,35) t=1/40 gap=5/40
v=(5,9,10,15,20,25,30,35) t=1/40 gap=5/40
v=(5,10,11,15,20,25,30,35) t=1/40 gap=5/40
v=(5,10,12,15,20,25,30,35) t=3/24 gap=3/24
v=(5,10,13,15,20,25,30,35) t=1/40 gap=5/40
v=(5,10,14,15,20,25,30,35) t=1/40 gap=5/40
v=(5,10,15,16,20,25,30,35) t=1/40 gap=5/40
v=(5,10,15,17,20,25,30,35) t=1/40 gap=5/40
v=(5,10,15,18,20,25,30,35) t=1/40 gap=5/40
v=(5,10,15,19,20,25,30,35) t=1/40 gap=5/40
v=(5,10,15,20,21,25,30,35) t=1/40 gap=5/40
v=(5,10,15,20,22,25,30,35) t=1/40 gap=5/40
v=(5,10,15,20,23,25,30,35) t=1/40 gap=5/40
v=(5,10,15,20,24,25,30,35) t=1/40 gap=5/40
v=(5,10,15,20,25,26,30,35) t=1/40 gap=5/40
v=(5,10,15,20,25,27,30,35) t=1/40 gap=5/40
v=(5,10,15,20,25,28,30,35) t=1/40 gap=5/40
v=(5,10,15,20,25,29,30,35) t=1/40 gap=5/40
v=(5,10,15,20,25,30,31,35) t=1/40 gap=5/40
v=(5,10,15,20,25,30,32,35) t=1/40 gap=5/40
v=(5,10,15,20,25,30,33,35) t=1/40 gap=5/40
v=(5,10,15,20,25,30,34,35) t=1/40 gap=5/40
v=(5,10,15,20,25,30,35,36) t=3/40 gap=5/40
v=(5,10,15,20,25,30,35,37) t=3/40 gap=5/40
v=(5,10,15,20,25,30,35,38) t=3/40 gap=5/40
v=(5,10,15,20,25,30,35,39) t=5/40 gap=5/40
v=(5,10,15,20,25,30,35,40) t=1/45 gap=5/45
v=(5,10,15,20,25,30,35,41) t=5/40 gap=5/40
v=(5,10,15,20,25,30,35,42) t=3/40 gap=5/40
v=(5,10,15,20,25,30,35,43) t=3/40 gap=5/40
v=(5,10,15,20,25,30,35,44) t=3/40 gap=5/40
v=(5,10,15,20,25,30,35,45) t=1/40 gap=5/40
v=(5,10,15,20,25,30,35,46) t=1/40 gap=5/40
v=(5,10,15,20,25,30,35,47) t=1/40 gap=5/40
v=(5,10,15,20,25,30,35,48) t=1/40 gap=5/40
v=(5,10,15,20,25,30,35,49) t=1/40 gap=5/40
v=(5,10,15,20,25,30,35,50) t=1/40 gap=5/40
v=(5,10,15,25,30,35,40,45) t=4/75 gap=10/75
v=(5,10,15,30,35,40,45,50) t=4/75 gap=10/75
v=(6,7,12,18,24,30,36,42) t=1/48 gap=6/48
v=(6,7,14,21,28,35,42,49) t=3/56 gap=7/56
v=(6,7,18,21,24,30,39,42) t=4/45 gap=6/45
v=(6,8,12,18,24,30,36,42) t=1/16 gap=2/16
v=(6,8,14,20,26,32,36,46) t=14/62 gap=8/62
v=(6,8,16,22,24,28,36,40) t=7/30 gap=4/30
v=(6,8,18,21,24,30,39,42) t=4/45 gap=6/45
v=(6,8,18,24,26,30,34,42) t=7/76 gap=10/76
v=(6,8,18,26,30,34,42,48) t=4/90 gap=12/90
v=(6,8,22,24,28,32,36,40) t=2/30 gap=4/30
v=(6,9,12,18,21,27,30,39) t=1/45 gap=6/45
v=(6,9,12,18,24,30,36,42) t=1/48 gap=6/48
v=(6,9,15,18,21,24,30,39) t=1/45 gap=6/45
v=(6,9,15,18,24,27,33,42) t=1/48 gap=6/48
v=(6,9,15,21,24,30,36,39) t=1/45 gap=6/45
v=(6,9,15,21,27,33,36,39) t=1/45 gap=6/45
v=(6,9,18,21,24,27,30,39) t=1/45 gap=6/45
v=(6,9,18,21,24,30,39,42) t=4/45 gap=6/45
v=(6,9,21,24,27,33,36,45) t=9/69 gap=9/69
v=(6,9,21,27,30,33,36,39) t=1/45 gap=6/45
v=(6,9,21,27,33,36,39,45) t=3/72 gap=9/72
v=(6,9,24,30,33,36,39,42) t=1/48 gap=6/48
v=(6,9,27,33,36,39,42,45) t=3/72 gap=9/72
v=(6,10,12,18,24,30,36,42) t=1/48 gap=6/48
v=(6,10,18,21,24,30,39,42) t=11/45 gap=6/45
v=(6,11,12,18,24,30,36,42) t=1/48 gap=6/48
v=(6,11,18,21,24,30,39,42) t=11/45 gap=6/45
v=(6,12,13,18,24,30,36,42) t=1/48 gap=6/48
v=(6,12,14,18,24,30,36,42) t=1/48 gap=6/48
v=(6,12,15,18,21,27,33,39) t=1/45 gap=6/45
v=(6,12,15,18,24,30,33,42) t=1/48 gap=6/48
v=(6,12,15,18,24,30,36,42) t=1/48 gap=6/48
v=(6,12,15,18,24,30,39,42) t=2/69 gap=9/69
v=(6,12,16,18,24,30,36,42) t=1/48 gap=6/48
v=(6,12,16,22,28,34,36,40) t=1/46 gap=6/46
v=(6,12,17,18,24,30,36,42) t=1/48 gap=6/48
v=(6,12,18,19,24,30,36,42) t=1/48 gap=6/48
v=(6,12,18,20,24,30,36,42) t=1/48 gap=6/48
v=(6,12,18,21,24,30,33,42) t=1/48 gap=6/48
v=(6,12,18,21,24,30,36,42) t=1/48 gap=6/48
v=(6,12,18,21,24,30,39,42) t=2/69 gap=9/69
v=(6,12,18,21,27,30,33,39) t=1/45 gap=6/45
v=(6,12,18,22,24,30,36,42) t=1/48 gap=6/48
v=(6,12,18,23,24,30,36,42) t=1/48 gap=6/48
v=(6,12,18,24,25,30,36,42) t=1/48 gap=6/48
v=(6,12,18,24,26,30,36,42) t=1/48 gap=6/48
v=(6,12,18,24,27,30,36,42) t=1/48 gap=6/48
v=(6,12,18,24,28,30,36,42) t=1/48 gap=6/48
v=(6,12,18,24,29,30,36,42) t=1/48 gap=6/48
v=(6,12,18,24,30,31,36,42) t=1/48 gap=6/48
v=(6,12,18,24,30,32,36,42) t=1/48 gap=6/48
v=(6,12,18,24,30,33,36,42) t=1/48 gap=6/48
v=(6,12,18,24,30,34,36,42) t=1/48 gap=6/48
v=(6,12,18,24,30,35,36,42) t=1/48 gap=6/48
v=(6,12,18,24,30,36,37,42) t=1/48 gap=6/48
v=(6,12,18,24,30,36,38,42) t=1/48 gap=6/48
v=(6,12,18,24,30,36,39,42) t=1/48 gap=6/48
v=(6,12,18,24,30,36,40,42) t=1/48 gap=6/48
v=(6,12,18,24,30,36,41,42) t=1/48 gap=6/48
v=(6,12,18,24,30,36,42,43) t=3/48 gap=6/48
v=(6,12,18,24,30,36,42,44) t=3/48 gap=6/48
v=(6,12,18,24,30,36,42,45) t=3/48 gap=6/48
v=(6,12,18,24,30,36,42,46) t=3/48 gap=6/48
v=(6,12,18,24,30,36,42,47) t=7/48 gap=6/48
v=(6,12,18,24,30,36,42,48) t=1/54 gap=6/54
v=(6,12,18,24,30,36,42,49) t=7/48 gap=6/48
v=(6,12,18,24,30,36,42,50) t=3/48 gap=6/48
v=(6,13,18,21,24,30,39,42) t=4/45 gap=6/45
v=(6,14,18,21,24,30,39,42) t=4/45 gap=6/45
v=(6,15,18,21,24,27,33,39) t=1/45 gap=6/45
v=(6,15,18,21,24,30,33,39) t=1/45 gap=6/45
v=(6,15,18,21,24,30,39,42) t=4/45 gap=6/45
v=(6,15,18,21,27,33,36,39) t=1/45 gap=6/45
v=(6,15,18,24,27,30,33,42) t=1/48 gap=6/48
v=(6,15,18,24,30,33,39,42) t=1/48 gap=6/48
v=(6,16,18,21,24,30,39,42) t=4/45 gap=6/45
v=(6,16,22,28,34,36,40,50) t=6/62 gap=8/62
v=(6,17,18,21,24,30,39,42) t=4/45 gap=6/45
v=(6,18,19,21,24,30,39,42) t=4/45 gap=6/45
v=(6,18,20,21,24,30,39,42) t=4/45 gap=6/45
v=(6,18,21,22,24,30,39,42) t=11/45 gap=6/45
v=(6,18,21,23,24,30,39,42) t=11/45 gap=6/45
v=(6,18,21,24,25,30,39,42) t=4/45 gap=6/45
v=(6,18,21,24,26,30,39,42) t=4/45 gap=6/45
v=(6,18,21,24,27,30,33,39) t=1/45 gap=6/45
v=(6,18,21,24,27,30,33,42) t=1/48 gap=6/48
v=(6,18,21,24,27,30,36,42) t=4/45 gap=6/45
v=(6,18,21,24,27,30,39,42) t=4/45 gap=6/45
v=(6,18,21,24,28,30,39,42) t=4/45 gap=6/45
v=(6,18,21,24,29,30,39,42) t=4/45 gap=6/45
v=(6,18,21,24,30,31,39,42) t=4/45 gap=6/45
v=(6,18,21,24,30,32,39,42) t=4/45 gap=6/45
v=(6,18,21,24,30,33,39,42) t=1/48 gap=6/48
v=(6,18,21,24,30,34,39,42) t=11/45 gap=6/45
v=(6,18,21,24,30,35,39,42) t=11/45 gap=6/45
v=(6,18,21,24,30,36,39,42) t=4/45 gap=6/45
v=(6,18,21,24,30,37,39,42) t=4/45 gap=6/45
v=(6,18,21,24,30,38,39,42) t=4/45 gap=6/45
v=(6,18,21,24,30,39,40,42) t=4/45 gap=6/45
v=(6,18,21,24,30,39,41,42) t=4/45 gap=6/45
v=(6,18,21,24,30,39,42,43) t=4/45 gap=6/45
v=(6,18,21,24,30,39,42,44) t=11/45 gap=6/45
v=(6,18,21,24,30,39,42,45) t=2/69 gap=9/69
v=(6,18,21,24,30,39,42,46) t=11/45 gap=6/45
v=(6,18,21,24,30,39,42,47) t=4/45 gap=6/45
v=(6,18,21,24,30,39,42,48) t=4/45 gap=6/45
v=(6,18,21,24,30,39,42,49) t=4/45 gap=6/45
v=(6,18,21,24,30,39,42,50) t=4/45 gap=6/45
v=(6,18,21,27,30,33,36,39) t=1/45 gap=6/45
v=(6,18,21,27,33,36,39,45) t=3/72 gap=9/72
v=(6,18,24,27,30,33,36,42) t=1/48 gap=6/48
v=(6,18,24,30,33,36,39,42) t=1/48 gap=6/48
v=(6,27,30,33,36,39,42,48) t=2/45 gap=6/45
v=(7,8,14,21,28,35,42,49) t=1/56 gap=7/56
v=(7,9,14,21,28,35,42,49) t=1/56 gap=7/56
v=(7,10,14,21,28,35,42,49) t=1/56 gap=7/56
v=(7,11,14,21,28,35,42,49) t=1/56 gap=7/56
v=(7,12,14,21,28,35,42,49) t=3/24 gap=3/24
v=(7,13,14,21,28,35,42,49) t=1/56 gap=7/56
v=(7,14,15,21,28,35,42,49) t=1/56 gap=7/56
v=(7,14,16,21,28,35,42,49) t=1/56 gap=7/56
v=(7,14,17,21,28,35,42,49) t=1/56 gap=7/56
v=(7,14,18,21,28,35,42,49) t=1/56 gap=7/56
v=(7,14,19,21,28,35,42,49) t=1/56 gap=7/56
v=(7,14,20,21,28,35,42,49) t=5/40 gap=5/40
v=(7,14,21,22,28,35,42,49) t=1/56 gap=7/56
v=(7,14,21,23,28,35,42,49) t=1/56 gap=7/56
v=(7,14,21,24,28,35,42,49) t=1/56 gap=7/56
v=(7,14,21,25,28,35,42,49) t=1/56 gap=7/56
v=(7,14,21,26,28,35,42,49) t=1/56 gap=7/56
v=(7,14,21,27,28,35,42,49) t=1/56 gap=7/56
v=(7,14,21,28,29,35,42,49) t=1/56 gap=7/56
v=(7,14,21,28,30,35,42,49) t=1/56 gap=7/56
v=(7,14,21,28,31,35,42,49) t=1/56 gap=7/56
v=(7,14,21,28,32,35,42,49) t=1/56 gap=7/56
v=(7,14,21,28,33,35,42,49) t=1/56 gap=7/56
v=(7,14,21,28,34,35,42,49) t=1/56 gap=7/56
v=(7,14,21,28,35,36,42,49) t=1/56 gap=7/56
v=(7,14,21,28,35,37,42,49) t=1/56 gap=7/56
v=(7,14,21,28,35,38,42,49) t=1/56 gap=7/56
v=(7,14,21,28,35,39,42,49) t=1/56 gap=7/56
v=(7,14,21,28,35,40,42,49) t=1/56 gap=7/56
v=(7,14,21,28,35,41,42,49) t=1/56 gap=7/56
v=(7,14,21,28,35,42,43,49) t=1/56 gap=7/56
v=(7,14,21,28,35,42,44,49) t=1/56 gap=7/56
v=(7,14,21,28,35,42,45,49) t=1/56 gap=7/56
v=(7,14,21,28,35,42,46,49) t=1/56 gap=7/56
v=(7,14,21,28,35,42,47,49) t=1/56 gap=7/56
v=(7,14,21,28,35,42,48,49) t=1/56 gap=7/56
v=(7,14,21,28,35,42,49,50) t=3/56 gap=7/56
